Year,Aruba,Afghanistan,Angola,Albania,Arab World,United Arab Emirates,Argentina,Armenia,Antigua and Barbuda,Australia,Austria,Azerbaijan,Burundi,Belgium,Benin,Burkina Faso,Bangladesh,Bulgaria,Bahrain,"Bahamas, The",Bosnia and Herzegovina,Belarus,Belize,Bermuda,Bolivia,Brazil,Barbados,Brunei Darussalam,Bhutan,Botswana,Central African Republic,Canada,Central Europe and the Baltics,Switzerland,Chile,China,Cote d'Ivoire,Cameroon,"Congo, Rep.",Colombia,Comoros,Cabo Verde,Costa Rica,Caribbean small states,Cuba,Cayman Islands,Cyprus,Czech Republic,Germany,Djibouti,Dominica,Denmark,Dominican Republic,Algeria,East Asia & Pacific (excluding high income),Early-demographic dividend,East Asia & Pacific,Europe & Central Asia (excluding high income),Europe & Central Asia,Ecuador,"Egypt, Arab Rep.",Euro area,Spain,Estonia,Ethiopia,European Union,Fragile and conflict affected situations,Finland,Fiji,France,Faroe Islands,Gabon,United Kingdom,Georgia,Ghana,Gibraltar,Guinea,"Gambia, The",Guinea-Bissau,Equatorial Guinea,Greece,Grenada,Greenland,Guatemala,Guyana,High income,"Hong Kong SAR, China",Honduras,Heavily indebted poor countries (HIPC),Croatia,Haiti,Hungary,IBRD only,IDA & IBRD total,IDA total,IDA blend,Indonesia,IDA only,India,Ireland,"Iran, Islamic Rep.",Iraq,Iceland,Israel,Italy,Jamaica,Jordan,Japan,Kazakhstan,Kenya,Kyrgyz Republic,Cambodia,Kiribati,St. Kitts and Nevis,"Korea, Rep.",Kuwait,Latin America & Caribbean (excluding high income),Lao PDR,Lebanon,Liberia,Libya,St. Lucia,Latin America & Caribbean,Least developed countries: UN classification,Sri Lanka,Lower middle income,Low & middle income,Late-demographic dividend,Lithuania,Luxembourg,Latvia,"Macao SAR, China",Morocco,Moldova,Madagascar,Maldives,Middle East & North Africa,Mexico,Marshall Islands,Middle income,"Macedonia, FYR",Mali,Malta,Myanmar,Middle East & North Africa (excluding high income),Mongolia,Mozambique,Mauritania,Mauritius,Malawi,Malaysia,North America,Namibia,New Caledonia,Niger,Nigeria,Nicaragua,Netherlands,Norway,Nepal,Nauru,New Zealand,OECD members,Oman,Other small states,Pakistan,Panama,Peru,Philippines,Palau,Papua New Guinea,Poland,Pre-demographic dividend,Portugal,Paraguay,Pacific island small states,Post-demographic dividend,French Polynesia,Qatar,Romania,Russian Federation,Rwanda,South Asia,Saudi Arabia,Sudan,Senegal,Singapore,Solomon Islands,Sierra Leone,El Salvador,Somalia,Sub-Saharan Africa (excluding high income),Sub-Saharan Africa,Small states,Sao Tome and Principe,Suriname,Slovak Republic,Slovenia,Sweden,Swaziland,Seychelles,Syrian Arab Republic,Chad,East Asia & Pacific (IDA & IBRD countries),Europe & Central Asia (IDA & IBRD countries),Togo,Thailand,Tajikistan,Turkmenistan,Latin America & the Caribbean (IDA & IBRD countries),Middle East & North Africa (IDA & IBRD countries),Tonga,South Asia (IDA & IBRD),Sub-Saharan Africa (IDA & IBRD countries),Trinidad and Tobago,Tunisia,Turkey,Tanzania,Uganda,Ukraine,Upper middle income,Uruguay,United States,Uzbekistan,St. Vincent and the Grenadines,"Venezuela, RB",British Virgin Islands,Vietnam,Vanuatu,World,Samoa,"Yemen, Rep.",South Africa,"Congo, Dem. Rep.",Zambia,Zimbabwe
1970,,1672.152,3582.659,3744.007,220575.7422,15247.386,82734.854,,462.042,147618.752,50692.608,,62.339,125620.419,282.359,143.013,,61238.9,2592.569,2574.234,,,121.011,227.354,2486.226,93761.523,429.039,8210.413,3.667,,209.019,341485.708,810322.5369,40296.663,24664.242,771617.474,2442.222,638.058,572.052,28404.582,29.336,36.67,1250.447,20960.572,18672.364,36.67,1705.155,,,139.346,25.669,62100.645,3109.616,15075.037,914687.0318,1097928.287,1971505.643,,,4283.056,21686.638,,116929.629,,1653.817,3754545.244,103343.5951,40395.672,520.714,439013.24,256.69,2082.856,653063.364,,2625.572,69.673,792.072,47.671,69.673,36.67,24165.53,44.004,381.368,2299.209,1580.477,9408662.164,8401.097,1389.793,43489.14145,,385.035,70003.03,3658812.545,3885241.212,226181.1053,153222.5154,35822.923,68577.02847,195143.072,19413.098,91873.018,23908.84,1389.793,16578.507,296740.974,4994.454,1558.475,768823.22,,3083.947,,1173.44,22.002,25.669,53783.889,25041.943,459449.431,572.052,3949.359,1452.132,32331.939,66.006,510015.6538,47852.29802,3597.327,655341.7409,3477086.675,2569235.759,,13747.583,,205.352,7293.663,,971.755,,324061.2426,114073.036,,3418402.412,,201.685,663.727,4616.753,210848.5446,2849.259,2984.938,429.039,498.712,454.708,14601.994,4670617.563,,2394.551,216.353,21539.958,1404.461,141934.902,28012.213,227.354,66.006,14194.957,9342086.279,234.688,36165.63888,24337.879,2203.867,17784.95,24781.586,135.679,693.063,304441.674,84937.41506,15258.387,744.401,959.6135398,9532017.094,194.351,7568.688,120112.585,,58.672,228245.8224,45291.117,4855.108,1309.119,18210.322,40.337,872.746,1430.13,216.353,226150.4728,226177.5467,60010.75377,14.668,1609.813,,,92379.064,366.7,29.336,6659.272,124.678,901253.1487,,275.025,15375.731,,,480670.36,210731.489,25.669,228245.8224,226177.5467,8998.818,3744.007,42639.876,1767.494,1444.798,,2759738.997,5742.522,4328904.501,,29.336,74561.111,18.335,28199.23,40.337,14789733.4,29.336,2511.895,149763.947,2713.58,3769.676,8162.742
1971,,1895.839,3410.31,4352.729,250916.1936,21184.259,88939.418,,425.372,152774.554,52155.741,,73.34,121528.047,293.36,150.347,,64300.845,3039.943,6732.612,,,143.013,231.021,3061.945,102635.663,484.044,7517.35,3.667,,183.35,352607.719,834904.8208,41943.146,27095.463,876633.02,2706.246,810.407,685.729,30326.09,29.336,36.67,1529.139,25060.278,19607.449,44.004,1884.838,,,161.348,25.669,57062.187,3523.987,18668.697,1029476.556,1171302.807,2127003.459,,,4224.384,23047.095,,128682.364,,1851.835,3847873.928,102910.0016,40582.689,550.05,462434.369,260.357,2845.592,660863.073,,2295.542,80.674,814.074,55.005,73.34,66.006,27814.195,47.671,469.376,2442.222,1499.803,9598583.176,9160.166,1331.121,46710.97511,,403.37,69280.631,3969623.671,4210276.743,240208.5071,165010.7161,38987.544,70973.97147,205869.047,22497.045,101722.58,28862.957,1474.134,16248.477,311588.657,5753.523,1657.484,797543.164,,3685.335,,249.356,29.336,29.336,58616.995,27139.467,481081.064,421.705,5339.152,1525.472,21646.301,69.673,537856.8219,49154.54198,3197.624,699943.535,3795503.867,2831541.171,,13201.2,,227.354,8203.079,,1026.76,3.667,363832.4951,126339.151,,3731147.354,,227.354,660.06,5104.464,224504.7,3036.276,3615.662,399.703,396.036,502.379,16677.516,4709608.774,,2420.22,231.021,32280.601,1507.137,140875.139,27198.139,198.018,88.008,15060.369,9515652.97,2093.857,39506.40725,23076.431,2603.57,18613.692,27586.841,165.015,825.075,313246.141,104223.4998,16406.158,634.391,1083.563622,9684546.622,227.354,9152.832,125829.438,,62.339,237639.3435,59808.77,4983.453,1353.123,16593.175,47.671,803.073,1510.804,187.017,260300.225,260330.613,68338.60593,11.001,1716.156,,,84590.356,399.703,33.003,8885.141,150.347,1014370.495,,315.362,19248.083,,,502936.384,224380.063,18.335,237639.3435,260330.613,8104.07,4213.383,47733.339,2464.224,1441.131,,3027034.091,5808.528,4356770.034,,29.336,62562.687,22.002,24528.563,58.672,15350300.36,36.67,1972.846,168568.323,2962.936,3791.678,8742.128
1972,,1532.806,4506.743,5643.513,272873.1958,23454.132,90156.862,,374.034,157486.649,56193.108,,73.34,130834.893,388.702,161.348,3509.319,66171.015,3681.668,6490.59,,,157.681,253.023,3571.658,114362.729,502.379,9460.86,3.667,22.002,168.682,381136.979,871821.017,42973.573,28191.896,931575.681,3014.274,861.745,663.727,31481.195,29.336,51.338,1763.827,25580.992,20799.224,55.005,2405.552,,,190.684,25.669,59643.755,4675.425,28349.577,1091365.898,1224324.109,2264116.348,,,4594.751,25511.319,,145026.183,,1408.128,4000672.952,96105.62591,44161.681,579.386,480729.032,234.688,2739.249,648486.948,,2423.887,73.34,832.409,66.006,66.006,88.008,31572.87,47.671,553.717,2709.913,1562.142,10081236.56,9284.844,1536.473,47889.69474,,392.369,69430.978,4189691.984,4438037.233,247677.7627,172588.4149,43340.273,71194.08372,217849.136,22053.338,106115.646,29552.353,1485.135,16934.206,328970.237,6288.905,1917.841,853373.239,,3872.352,,117.344,25.669,29.336,60336.818,27634.512,505998.329,487.711,5727.854,1507.137,15232.718,77.007,564409.9776,49481.1365,3542.322,737005.1144,4002632.774,3006157.595,,13494.56,,231.021,8049.065,,1287.117,3.667,390544.7494,132459.374,,3939509.915,,245.689,839.743,4899.112,234778.0034,3281.965,3300.3,447.374,689.396,546.383,17913.295,4946342.96,,1705.155,253.023,41426.099,1606.146,157794.677,29427.675,267.691,77.007,16197.139,9979035.198,2090.19,46853.0485,18929.054,2801.588,18173.652,26442.737,172.349,1268.782,329952.993,116214.5761,18349.668,715.065,1123.54752,10156470.19,216.353,10784.647,132422.704,,66.006,245637.662,70344.061,5379.489,1455.799,22240.355,55.005,678.395,1679.486,234.688,274433.4666,274474.8498,75610.45106,11.001,1745.492,,,84781.04,381.368,44.004,7766.706,121.011,1075335.408,,399.703,21836.985,,,528114.006,234647.663,22.002,245637.662,274474.8498,8243.416,4737.764,53857.229,2167.197,1382.459,,3198030.409,6076.219,4564952.958,,36.67,62577.355,22.002,23058.096,62.339,15952667.44,36.67,1496.136,171725.61,3021.608,4066.703,8225.081
1973,,1639.149,4880.777,5291.481,318600.4331,30630.451,94065.884,,330.03,170992.21,60164.469,,73.34,138872.957,381.368,168.682,4554.414,68825.923,5522.502,7873.049,,,146.68,425.372,3457.981,132463.041,480.377,9981.574,3.667,51.338,161.348,381621.023,908277.4316,46262.872,27652.847,968542.708,3208.625,898.415,1221.111,33699.73,29.336,62.339,2046.186,30670.788,22398.036,58.672,2500.894,,,179.683,25.669,59266.054,5966.209,38312.816,1143864.081,1347308.588,2412729.075,,,5262.145,23795.163,,155367.123,,1752.826,4205132.45,100163.9092,49387.156,630.724,516599.626,253.023,5313.483,660034.331,,2475.225,84.341,803.073,62.339,110.01,29.336,37256.72,55.005,557.384,2937.267,1804.164,10608084.32,9295.845,1510.804,51380.95003,,421.705,73068.642,4447771.763,4723465.069,275152.0259,194405.9229,49134.133,77055.02009,224343.393,22860.078,129595.447,30645.119,1752.826,19310.422,354320.208,8298.421,2203.867,915748.909,,3920.023,,128.345,36.67,29.336,73094.311,24242.537,555249.806,517.047,7172.652,1481.468,14587.326,80.674,616071.9285,53929.30922,3689.002,788664.1356,4287553.91,3166482.643,,14169.288,,223.687,9640.543,,1074.431,3.667,461976.7362,144292.783,,4218841.539,,267.691,806.74,4110.707,271739.8813,3479.983,3564.324,469.376,678.395,572.052,17513.592,5152241.343,,2599.903,330.03,49577.84,1829.833,165645.724,30524.108,421.705,84.341,18202.988,10479483.1,2112.192,56700.97591,20036.488,3241.628,19757.796,31543.534,176.016,1345.789,336128.221,128744.9139,20003.485,869.079,1211.512094,10665677.88,209.019,12467.8,144960.177,,69.673,254691.485,95136.648,5427.16,1551.141,21220.929,66.006,539.049,1969.179,264.024,291613.0001,291657.8997,90966.79052,14.668,2108.525,,,87366.275,370.367,47.671,7895.051,161.348,1127066.103,,403.37,24455.223,,,576038.029,271589.021,25.669,254691.485,291657.8997,9398.521,4829.439,59486.074,3186.623,1180.774,,3425368.896,5775.525,4770194.948,,40.337,66501.045,25.669,25096.948,55.005,16834514.94,36.67,2731.915,173533.441,3193.957,4591.084,9281.177
1974,,1917.841,4873.443,4345.395,310921.7222,31327.181,95569.354,,429.039,172356.334,57469.224,,91.675,135220.625,407.037,205.352,4660.757,71260.811,5405.158,7389.005,,,154.014,443.707,3516.653,143456.707,491.378,8184.744,3.667,88.008,113.677,389970.782,937730.1941,41481.104,25955.026,988014.478,3560.657,975.422,1624.481,36479.316,29.336,66.006,1906.84,29482.68,22911.416,55.005,1925.175,,,194.351,29.336,55078.34,6417.25,31906.567,1160870.902,1399283.14,2433976.925,,,6090.887,26123.708,,173152.073,,1738.158,4144087.666,98585.47663,46680.91,671.061,499071.366,300.694,5452.829,617607.141,,2937.267,77.007,839.743,62.339,102.676,51.338,36218.959,36.67,557.384,3069.279,1554.808,10359960.38,10678.304,1558.475,52481.08835,,473.043,74102.736,4594276.508,4884625.982,289867.7774,207760.2617,51260.993,78922.99276,231992.755,23303.785,143911.415,30942.146,1741.825,19446.101,359406.337,7601.691,2229.536,915873.587,,4950.45,,73.34,33.003,36.67,75686.88,19328.757,591934.474,293.36,7231.324,1723.49,9347.183,73.34,651782.6286,53669.00308,2933.6,828327.2779,4438410.178,3226110.909,,14411.31,,267.691,11136.679,,1188.108,3.667,468359.505,155007.757,,4369537.832,,304.361,744.401,4675.425,280490.5343,3751.341,3149.953,484.044,693.063,550.05,19050.065,4988902.162,,2783.253,289.693,62291.329,1950.844,160445.918,27696.851,425.372,99.009,18756.705,10249615.46,2335.879,50508.32462,21418.947,3021.608,21360.275,30531.442,194.351,1587.811,346876.198,143705.6728,20714.883,953.42,1287.481499,10398832.31,216.353,10487.62,150944.721,,73.34,263356.606,98788.98,5683.85,1851.835,21968.997,66.006,520.714,1972.846,330.03,309514.3941,309566.5222,84013.67798,18.335,1602.479,,,79889.262,311.695,55.005,9666.212,150.347,1143836.589,,377.701,24246.204,,,611178.89,280334.816,22.002,263356.606,309566.5222,10051.247,5397.824,61136.224,2306.543,1195.442,,3536554.025,5683.85,4598487.673,,33.003,75133.163,25.669,19083.068,62.339,16952269.64,33.003,2247.871,176734.732,3369.973,4202.382,9057.49
1975,,2126.86,4415.068,4594.751,307787.105,31070.491,94931.296,,707.731,175883.988,54392.611,,77.007,122100.099,443.707,220.02,4869.776,73061.308,5753.523,8254.417,,,176.016,458.375,4059.369,151164.741,568.385,7080.977,3.667,187.017,102.676,397143.434,1000543.864,39097.554,23014.092,1145607.47,3989.696,1162.439,1100.1,35896.263,33.003,77.007,2038.852,31583.871,27066.127,58.672,1980.18,,,198.018,29.336,55778.737,6340.243,32031.245,1329037.052,1430288.343,2570108.346,,,7363.336,31099.827,,181644.845,,1210.11,4066513.816,102476.4081,46101.524,623.39,446919.292,348.365,5368.488,603643.205,,2746.583,88.008,843.41,99.009,113.677,62.339,38873.867,47.671,506.046,3523.987,1826.166,10026387.16,11019.335,1668.485,52387.53918,,484.044,75389.853,4970380.138,5244544.278,273088.2314,190249.6334,53963.572,78532.87562,252201.592,22053.338,139349.667,33157.014,1617.147,19647.786,342310.783,8188.411,2493.56,870072.757,,4976.119,,73.34,33.003,33.003,81829.105,16827.863,605729.728,253.023,6431.918,1485.135,11580.386,77.007,663895.9005,52183.72681,2896.93,861441.4433,4773580.846,3571830.793,,11844.41,,297.027,11111.01,,1694.154,7.334,462031.7601,164472.284,,4703578.835,,341.031,667.394,4587.417,286515.093,4066.703,2885.929,509.713,590.387,579.386,19446.101,4803931.348,,2530.23,333.697,47395.975,1928.842,153020.243,29673.364,352.032,102.676,18261.66,9939237.376,7256.993,49925.97622,23219.444,3663.333,21965.33,32526.29,194.351,1532.806,375559.472,129928.2931,21356.608,839.743,1263.491161,10030497.66,212.686,10956.996,162257.416,,176.016,285677.635,83336.242,4239.052,2581.568,24543.231,58.672,524.381,2108.525,502.379,300532.0692,300588.0252,86128.42812,18.335,2020.517,,,80824.347,337.364,58.672,11184.35,183.35,1309524.437,,311.695,24407.552,,,618010.511,286356.03,33.003,285677.635,300588.0252,9622.208,5548.171,65697.972,2284.541,1133.103,,3836273.873,5969.876,4406329.539,,33.003,63816.801,25.669,21800.315,55.005,16853249.64,58.672,2170.864,185201.835,3237.961,4081.371,8320.423
1976,,1987.514,3285.632,4950.45,373496.6091,39651.271,99786.404,,403.37,174244.839,58415.31,,88.008,130009.818,260.357,209.019,5570.173,73116.313,6574.931,6464.921,,,176.016,469.376,4580.083,155154.437,531.715,6024.881,3.667,594.054,128.345,399317.965,1059828.976,40483.68,24103.191,1196193.735,3964.027,1092.766,1235.779,38089.129,40.337,73.34,2086.523,34766.827,27223.808,69.673,2464.224,,,198.018,29.336,60135.133,6332.909,39170.894,1392374.338,1554836.951,2701913.902,,,8111.404,34495.469,,198443.372,,1177.107,4332844.292,129963.9559,51279.328,484.044,505602.293,330.03,5709.519,598912.775,,2434.888,77.007,887.414,99.009,95.342,62.339,42911.234,47.671,220.02,3311.301,1752.826,10572191.76,12508.137,1778.495,51025.46316,,674.728,80013.94,5299065.345,5576595.718,276178.3149,195207.0628,61810.952,77284.50076,263785.645,22295.36,156643.239,48800.436,1705.155,19611.116,367312.389,7282.662,2951.935,908902.62,,4609.419,,73.34,33.003,36.67,93306.815,18474.346,631541.741,223.687,6127.557,1477.801,17916.962,84.341,695381.4734,50361.58377,2805.255,908063.234,5066860.847,3755463.007,,11840.743,,253.023,11547.383,,993.757,11.001,545550.6568,184138.405,,4993983.267,,341.031,762.736,4899.112,340215.1173,4404.067,2559.566,517.047,619.723,583.053,23894.172,5012888.009,,2390.884,333.697,55247.022,2225.869,169683.091,29317.665,282.359,102.676,19237.082,10455167.43,8327.757,50856.69375,22838.076,3611.995,22442.04,35129.86,113.677,1573.143,399035.606,150210.5134,22423.705,1034.094,999.5974373,10529745.38,264.024,10384.944,174765.553,,267.691,297283.69,101550.231,3755.008,1774.828,30036.397,62.339,451.041,2211.201,480.377,316104.161,316182.2569,90687.92237,29.336,1998.515,,,88308.694,333.697,80.674,13758.584,183.35,1371926.926,,322.696,28778.616,,,650683.481,340026.242,29.336,297283.69,316182.2569,15925.781,5848.865,73721.368,2790.587,990.09,,4079509.568,5896.536,4613100.668,,33.003,57344.546,25.669,13923.599,44.004,17835998.31,47.671,2566.9,193115.221,3413.977,4026.366,10868.988
1977,,2390.884,3534.988,5720.52,395284.7678,38785.859,100791.162,,465.709,187787.07,56218.777,,99.009,126570.172,297.027,249.356,5812.195,75969.239,7469.679,9717.55,,,198.018,454.708,4481.074,162961.48,590.387,6395.248,7.334,781.071,128.345,408151.768,1103080.537,41085.068,23109.434,1310310.775,4055.702,1565.809,480.377,39354.244,40.337,80.674,2614.571,38606.176,29402.006,73.34,2669.576,,,198.018,25.669,61847.622,5614.177,41891.808,1535571.841,1666109.723,2903540.7,,,7484.347,37865.442,,195663.786,,1048.762,4317177.794,127609.6191,50219.565,766.403,480857.377,407.037,6314.574,604746.972,,3003.273,77.007,902.082,113.677,102.676,62.339,46999.939,47.671,722.399,3813.68,1899.506,10795746.42,14231.627,2002.182,52847.80113,,707.731,83204.23,5653518.191,5932321.263,277120.482,190201.4446,82434.16,81869.52459,279051.366,23567.809,163969.905,43710.64,1906.84,19893.475,356175.71,7447.677,3164.621,935213.345,,5056.793,,73.34,22.002,36.67,105712.276,17220.232,660514.708,231.021,5573.84,1474.134,20106.161,69.673,727220.6913,52225.83516,2918.932,980009.6583,5405199.383,4016791.913,,10927.66,,308.028,12702.488,,847.077,14.668,574566.577,192847.53,,5332155.41,,414.371,803.073,5174.137,353783.2158,4972.452,2713.58,557.384,641.725,638.058,22610.722,5150899.221,,2141.528,366.7,50567.93,2838.258,164277.933,31070.491,337.364,113.677,20300.512,10668956.67,8507.44,53856.82792,24389.217,3461.648,23340.455,36754.341,183.35,1580.477,419024.423,141383.8529,22728.066,1158.772,1447.417089,10720896.08,275.025,9926.569,178399.55,,267.691,314921.96,118176.409,3806.346,2244.204,28309.24,80.674,513.38,2288.208,799.406,318719.9747,318801.7604,98756.50751,29.336,1899.506,,,85804.133,341.031,84.341,14664.333,198.018,1513021.974,,462.042,32159.59,,,676550.499,353586.808,29.336,314921.96,318801.7604,16175.137,6758.281,81572.415,2013.183,806.74,,4345595.746,5650.847,4742292.745,,33.003,63732.46,29.336,15276.722,51.338,18393371.31,80.674,2981.271,199950.509,3487.317,3744.007,9299.512
1978,,2159.863,5412.492,6494.257,425911.5191,44814.407,102639.33,,491.378,202015.03,57483.892,,102.676,135855.016,363.033,348.365,6017.547,81411.067,7766.706,6607.934,,,216.353,425.372,5027.457,176925.416,630.724,9541.534,11.001,832.409,146.68,415896.472,1159884.966,42218.171,22948.086,1462168.579,4818.438,2002.182,322.696,41682.789,29.336,209.019,2922.599,37091.705,30689.123,95.342,2808.922,,,201.685,25.669,61117.889,5449.162,62529.684,1706626.434,1749047.1,3081097.465,,,10425.281,39313.907,,200493.225,,1371.458,4458872.57,128598.5166,51913.719,711.398,505858.983,399.703,7561.354,605084.336,,2970.27,69.673,902.082,139.346,102.676,69.673,48081.704,51.338,392.369,4129.042,2057.187,11076848.04,15753.432,2049.853,55003.17417,,755.402,88187.683,6085229.743,6370358.572,283109.9723,193556.5942,93933.872,84214.81706,283096.067,23571.476,162470.102,42317.18,1925.175,21176.925,373234.594,9119.829,3641.331,903886.164,,5324.484,,51.338,22.002,33.003,113405.642,21000.909,719821.099,231.021,5713.186,1507.137,21239.264,99.009,783424.1885,55066.23461,3450.647,1015351.053,5837225.215,4375617.856,,11848.077,,414.371,13076.522,,1019.426,22.002,605684.4091,222649.239,,5760625.684,,396.036,935.085,5155.802,376531.2447,5782.859,2874.928,583.053,630.724,671.061,23237.779,5307183.094,,1543.807,418.038,48294.39,2632.906,170548.503,34792.496,330.03,113.677,18008.637,10952809.68,7796.042,62202.08847,26138.376,2841.925,22460.375,37476.74,110.01,1675.819,432056.941,141065.5389,22742.734,1459.466,1331.463787,10994207.74,311.695,10531.624,193903.626,,289.693,321225.533,115132.799,3439.646,2629.239,33164.348,62.339,711.398,2390.884,557.384,324085.5557,324159.8357,104161.9018,33.003,2394.551,,,79533.563,440.04,77.007,15221.717,194.351,1681551.968,,355.699,35067.521,,,733675.025,376322.208,36.67,321225.533,324159.8357,15328.06,7491.681,77256.356,2203.867,700.397,,4736975.476,5742.522,4890861.25,,36.67,68690.244,29.336,15419.735,58.672,18606020.64,106.343,3105.949,202099.371,3538.655,3476.316,9295.845
1979,,2240.537,5504.167,7587.023,456160.2077,36607.661,110703.063,,407.037,205069.641,61594.599,,110.01,140233.414,366.7,407.037,6648.271,79152.195,8133.406,6930.63,,,209.019,462.042,4737.764,188322.452,601.388,7440.343,22.002,942.419,102.676,442067.851,1172111.953,39911.628,24862.26,1494859.884,5423.493,1829.833,348.365,44433.039,22.002,249.356,2794.254,37524.411,31712.216,95.342,3003.273,,,363.033,33.003,62999.06,6809.619,45621.147,1749085.791,1847737.493,3202999.457,,,12167.106,42947.904,,203745.854,,1848.168,4649011.382,155888.2849,54333.939,839.743,529155.434,480.377,6754.614,644893.288,,2658.575,91.675,946.086,146.68,110.01,62.339,51293.996,47.671,572.052,4693.76,1521.805,11375684.82,15885.444,1932.509,55875.0525,,755.402,86229.505,6312784.016,6640171.456,325731.8135,235920.6289,95096.311,86817.12788,296891.321,27388.823,164028.577,52991.817,1987.514,21019.244,387466.221,8536.776,3795.345,955620.2,,5038.458,,29.336,25.669,36.67,133211.109,17667.606,770231.348,223.687,6156.893,1947.177,26032.033,150.347,838719.3765,58959.34275,3828.348,1105098,6093227.51,4492909.094,,12123.102,,414.371,15958.784,,1133.103,29.336,637209.4178,240874.229,,6011530.327,,429.039,905.749,5100.797,392656.662,6299.906,2643.907,605.055,660.06,638.058,27278.813,5344326.137,,1642.816,480.377,70289.056,1712.489,187812.739,34242.446,513.38,113.677,16475.831,11242126.98,7722.702,64931.84659,28250.568,3193.957,22273.358,38136.8,124.678,1796.83,442489.556,176821.5655,25030.942,1331.121,1539.380053,11267826.27,282.359,14359.972,196074.49,,297.027,338423.763,138135.89,3571.658,2900.597,36123.617,110.01,678.395,2390.884,487.711,365458.5757,365577.0137,107392.1246,33.003,2295.542,,,84927.72,447.374,121.011,22548.383,201.685,1723384.665,,1382.459,36736.006,,,786828.19,392438.673,40.337,338423.763,365577.0137,16725.187,8771.464,75576.87,2071.855,674.728,,4899054.101,6277.904,4901796.244,,29.336,76570.627,29.336,16281.48,62.339,19643807.31,95.342,3223.293,218908.899,3755.008,3604.661,9449.859
1980,,1760.16,5346.486,5170.47,508780.6663,36904.688,108737.551,,143.013,220746.066,52306.088,,146.68,135301.299,517.047,432.706,7638.361,77487.377,7887.717,7990.393,,,190.684,436.373,4668.091,187090.34,674.728,6882.959,22.002,986.423,106.343,443233.957,1203596.309,40538.685,25265.63,1467192.369,6222.899,3905.355,407.037,44356.032,47.671,121.011,2464.224,38837.197,31400.521,165.015,3208.625,,,348.365,36.67,60369.821,6457.587,66519.38,1725524.142,1937100.898,3193755.142,,,13443.222,45239.779,,215003.544,,1822.499,4519688.723,148559.0329,58246.628,795.739,505363.938,421.705,6633.603,579290.658,,2559.566,88.008,964.421,157.681,146.68,58.672,51429.675,47.671,564.718,4510.41,1789.496,11137933.03,16662.848,2057.187,60406.57464,,751.735,86860.229,6364081.676,6706315.134,340733.58,243335.6903,94784.616,93444.52969,314016.211,26255.72,120900.99,45558.808,1866.503,21147.589,388969.691,8452.435,4726.763,947571.135,,6197.23,,286.026,29.336,51.338,134868.593,24675.243,811133.066,187.017,6178.895,2042.519,26904.779,113.677,881387.5766,61619.82471,3410.31,1144455.331,6126515.629,4494309.366,,11026.669,,528.048,15944.116,,1617.147,44.004,646347.0483,268453.736,,6043066.95,,392.369,1023.093,5526.169,366140.5322,6879.292,3208.625,630.724,590.387,711.398,27997.545,5166880.007,,2002.182,572.052,68154.862,2027.851,177508.469,38052.459,542.716,124.678,17458.587,10991541.6,6046.883,61999.30644,32067.915,3124.284,24121.526,37000.03,157.681,1829.833,464575.897,171874.5911,26985.453,1492.469,1539.380053,10933115.27,293.36,13098.524,196617.206,,495.045,359501.679,169404.399,3747.674,3351.638,31433.524,102.676,608.722,2134.194,814.074,378269.7375,378361.9768,106434.6772,40.337,2372.549,,,71759.523,465.709,95.342,20802.891,209.019,1700181.766,,718.732,40135.315,,,827968.263,365937.264,40.337,359501.679,378361.9768,16937.873,9493.863,75763.887,1884.838,627.057,,4892140.077,5837.864,4723209.677,,36.67,90802.254,29.336,16820.529,62.339,19438422.3,99.009,3318.635,228454.1,3501.985,3531.321,9636.876
1981,,1983.847,5280.48,7341.334,497497.5127,36857.017,102041.609,,106.343,230360.94,56130.769,,157.681,124021.607,429.039,557.384,7931.721,80343.97,8525.775,2801.588,,,183.35,388.702,4792.769,171806.284,685.729,1470.467,25.669,1008.425,135.679,430003.421,1130170.235,38859.199,24554.232,1451501.276,4466.406,5342.819,473.043,44458.708,47.671,33.003,2251.538,32566.627,32749.977,157.681,3047.277,,,300.694,36.67,51789.041,6167.894,46438.888,1714636.65,2011242.936,3161300.043,,,16692.184,50978.634,,207288.176,,1866.503,4267268.434,141134.6945,51510.349,1081.765,454700.666,440.04,6574.931,560819.979,,3047.277,51.338,990.09,157.681,143.013,69.673,50721.944,58.672,528.048,3967.694,1800.497,10687125.83,18690.699,1822.499,59298.95238,,766.403,86618.207,6313938.946,6658662.701,343307.7149,248040.1281,100160.438,91966.67416,338838.134,26039.367,112899.596,32122.92,1752.826,21213.595,378020.029,7414.674,5863.533,929606.502,,6527.26,,300.694,29.336,55.005,139742.036,25214.292,808481.825,150.347,6351.244,1939.843,28811.619,95.342,872550.1741,61409.28298,4033.7,1210354.77,6165385.77,4339345.888,,9427.857,,535.382,15856.108,,1026.76,47.671,627866.3648,284529.864,,6083915.566,,396.036,1144.104,5639.846,340515.9783,6644.604,2489.893,663.727,542.716,605.055,30824.802,4966192.431,,1393.46,685.729,65958.329,2141.528,164956.328,40329.666,454.708,124.678,16527.169,10582246.84,6017.547,54350.78415,34400.127,3340.637,24103.191,34664.151,157.681,1932.509,410062.275,154397.279,27227.475,1389.793,1887.239962,10538065.81,330.03,12860.169,198153.679,,601.388,387715.577,175491.619,3641.331,3296.633,26849.774,135.679,693.063,1833.5,275.025,403892.061,403987.7161,92054.3763,44.004,2031.518,,,69430.978,436.373,99.009,26637.088,209.019,1689454.963,,627.057,38048.792,,,823083.819,340326.936,47.671,387715.577,403987.7161,17260.569,9834.894,79874.594,2123.193,528.048,,4868683.985,5375.822,4535800.308,,36.67,91968.36,44.004,17726.278,51.338,18840587.63,102.676,4231.718,257368.395,3777.01,3366.306,9435.191
1982,,2101.191,4649.756,7308.331,476949.9871,36871.685,103424.068,,293.36,234119.615,53868.23,,157.681,117553.019,491.378,575.719,8599.115,90131.193,9838.561,2262.539,,,172.349,396.036,4349.062,172176.651,645.392,2093.857,33.003,1100.1,143.013,414811.04,1159050.944,36629.663,20615.874,1580260.647,6109.222,6343.91,1345.789,45914.507,47.671,36.67,2086.523,31620.541,34554.141,165.015,3102.282,,,348.365,40.337,53695.881,6340.243,39269.903,1851149.047,2101819.89,3279883.562,,,19288.42,56523.138,,209906.414,,1481.468,4173144.734,140617.425,43083.583,839.743,436893.714,458.375,6556.596,548520.861,,3043.61,22.002,982.756,161.348,143.013,73.34,52148.407,62.339,517.047,3626.663,1404.461,10286285.33,19702.791,1763.827,60608.64086,,825.075,86871.23,6674089.075,7026949.903,351203.9718,255798.5351,105407.915,92517.42778,349637.449,25547.989,138007.545,30623.117,1598.812,24081.189,369681.271,6219.232,6292.572,900200.829,,4693.76,,337.364,25.669,66.006,141905.566,21169.591,834733.878,157.681,6112.889,601.388,30762.463,113.677,895488.7057,61910.75512,4499.409,1254882.042,6531498.407,4558869.293,,8859.472,,484.044,17058.884,,1015.759,47.671,634634.3007,304837.71,,6452371.445,,366.7,1312.786,5599.509,365164.5683,6761.948,2541.231,883.747,502.379,594.054,30571.779,4721955.563,,1265.115,748.068,65602.63,2115.859,134322.21,41052.065,443.707,124.678,18239.658,10231009.11,5735.188,56602.18466,37385.065,3292.966,23670.485,34997.848,157.681,1947.177,422211.046,152569.7821,29255.326,1367.791,1611.351069,10134634.54,337.364,12354.123,195773.796,,608.722,402746.61,158091.704,3828.348,3054.611,29750.371,121.011,553.717,1767.494,718.732,426225.0825,426305.5882,92547.04337,47.671,1873.837,,,62291.329,436.373,84.341,24488.226,205.352,1823952.569,,733.4,37909.446,,,844455.095,364961.842,44.004,402746.61,426305.5882,18426.675,9526.866,86988.574,2167.197,546.383,,5191506.654,4873.443,4306748.487,,40.337,93405.824,36.67,18382.671,51.338,18679191.95,113.677,5947.874,280749.187,3072.946,3520.32,8811.801
1983,,2522.896,5115.465,7631.027,508652.1984,35342.546,105213.564,,84.341,225003.453,51983.392,,205.352,101630.905,454.708,594.054,8236.082,90365.881,8228.748,2016.85,,,172.349,451.041,4290.39,166632.147,685.729,2706.246,29.336,1030.427,146.68,408687.15,1169866.507,40069.309,20839.561,1667029.201,4840.44,6589.599,1144.104,49449.495,47.671,36.67,2104.858,28639.27,30843.137,172.349,3098.615,,,348.365,40.337,50175.561,7913.386,52625.117,1952694.915,2157677.797,3379263.648,,,19556.111,57091.523,,204867.956,,1844.501,4113196.344,156192.5611,41576.446,715.065,422603.415,487.711,5518.835,545741.275,,3655.999,36.67,953.42,161.348,143.013,62.339,55544.049,62.339,363.033,3179.289,1246.78,10260887.92,21015.577,2002.182,61001.5474,,894.748,89137.436,6911197.765,7266074.953,353015.4,256611.7222,104956.874,93380.2751,378669.088,25709.337,149785.949,38749.189,1547.474,23938.176,361364.515,6450.253,7363.336,883838.675,,4660.757,,366.7,22.002,51.338,150904.384,21609.631,802387.271,179.683,7319.332,711.398,30414.098,102.676,859227.064,63851.56714,4884.444,1307631.598,6775446.935,4733731.379,,8291.087,,682.062,17795.951,,652.726,51.338,677288.804,278442.644,,6690854.452,,418.038,997.424,5775.525,407314.4645,6996.636,1976.513,938.752,597.721,575.719,37971.785,4751016.538,,1155.105,964.421,59929.781,2002.182,138256.901,37498.742,495.045,124.678,17964.633,10166764.93,7532.018,51470.23938,40303.997,3494.651,20450.859,35415.886,157.681,2009.516,422339.391,154827.9392,30179.41,1415.462,1503.394546,10095943.23,421.705,11268.691,200562.898,,696.73,435192.226,161050.973,3909.022,2632.906,34997.848,143.013,689.396,1903.173,935.085,433012.0587,433107.3671,84055.5082,55.005,1375.125,,,58297.966,271.358,99.009,27960.875,205.352,1923999.718,,546.383,42452.859,,,812640.203,407088.338,47.671,435192.226,433107.3671,16303.482,11305.361,90541.897,2218.535,616.056,,5377198.381,3817.347,4341878.347,,47.671,93101.463,40.337,19317.756,55.005,18609452.95,113.677,6329.242,292230.564,4026.366,3270.964,10461.951
1984,,2830.924,5009.122,7825.378,554904.3189,46394.884,106522.683,,146.68,236594.84,54550.292,,220.02,105422.583,502.379,465.709,9123.496,87366.275,9207.837,1855.502,,,172.349,443.707,4041.034,168806.678,748.068,1917.841,51.338,1045.095,150.347,425595.687,1168380.236,39174.561,22200.018,1814908.31,5405.158,6057.884,1140.437,48980.119,47.671,84.341,2002.182,28899.627,32603.297,187.017,3182.956,,,352.032,44.004,50861.29,7444.01,71103.13,2104308.356,2233884.794,3613856.649,,,21257.599,63838.803,,198953.085,,1664.818,4085630.581,162567.1467,42254.841,583.053,405342.846,498.712,5995.545,529335.117,,2581.568,33.003,979.089,172.349,161.348,80.674,57054.853,62.339,568.385,3421.311,1404.461,10537656.2,22346.698,1987.514,59119.33796,,913.083,90853.592,7247718.81,7616711.672,366996.4856,269303.4641,112184.531,95151.86589,388118.947,25529.654,150658.695,40204.988,1815.165,23743.825,367649.753,5144.801,8353.426,940130.792,,4319.726,,410.704,22.002,51.338,163911.233,28367.912,805914.925,183.35,7051.641,700.397,28624.602,113.677,865045.4549,66125.41791,3883.353,1360017.642,7116012.612,5012723.371,,8929.145,,605.055,17814.286,,869.079,58.672,725247.6083,277624.903,,7029935.22,,436.373,1364.124,6571.264,440056.9499,6450.253,1536.473,872.746,627.057,557.384,34697.154,4901231.526,,1206.443,993.757,69625.329,1851.835,145055.519,40458.011,704.064,124.678,19295.754,10428221.71,8060.066,55271.1026,42856.229,2882.262,20692.881,30993.484,157.681,2046.186,433894.108,165485.8415,29064.642,1496.136,1359.452515,10354678.8,458.375,12332.121,189272.205,,634.391,447627.023,155715.488,3505.652,3307.634,33402.703,143.013,616.056,1606.146,715.065,464632.5213,464727.4533,87615.72492,51.338,1554.808,,,57333.545,333.697,99.009,33091.008,216.353,2073375.492,,608.722,45973.179,,,816695.905,439812.646,47.671,447627.023,464727.4533,17535.594,11547.383,95796.708,2368.882,583.053,,5663196.724,3450.647,4475192.132,,66.006,93218.807,40.337,17550.262,55.005,19280447.94,113.677,7172.652,315948.72,3964.027,2819.923,9922.902
1985,,3509.319,4701.094,7880.383,587087.3672,49926.205,100596.811,,249.356,241229.928,54700.639,,231.021,104472.83,744.401,476.71,10234.597,89540.806,10194.26,1510.804,,,190.684,451.041,4125.375,181248.809,847.077,2596.236,62.339,1158.772,161.348,422079.034,1189524.849,39827.287,21503.288,1966553.428,7326.666,6475.922,1279.783,48378.731,47.671,84.341,2266.206,31972.573,32577.628,194.351,3102.282,,,359.366,47.671,60072.794,7293.663,72786.283,2275359.227,2353348.057,3782609.835,,,19431.433,63937.812,,201233.959,,1815.165,4190744.213,173015.2294,49665.848,579.386,400880.107,517.047,6318.241,559855.558,,3325.969,44.004,993.757,172.349,172.349,66.006,60600.842,62.339,509.713,3523.987,1419.129,10656599.74,23014.092,1906.84,62969.82209,,942.419,86104.827,7671821.09,8067399.138,393534.1899,288910.308,121245.688,101930.7249,426673.785,26725.096,160768.614,44675.061,1628.148,24869.594,372134.494,5045.792,8540.443,915396.877,,3769.676,,418.038,22.002,51.338,178333.544,29159.984,828301.96,201.685,8056.399,722.399,31418.856,128.345,890046.2953,69149.56288,3956.693,1453261.224,7555263.904,5350870.73,,9167.5,,733.4,17865.624,,1056.096,66.006,767990.1497,288501.225,,7466729.853,,407.037,1199.109,6710.61,458912.1306,9028.154,1147.771,656.393,707.731,557.384,36237.294,4915085.452,,1455.799,997.424,69893.02,1991.181,147948.782,40714.701,678.395,124.678,21803.982,10540488.73,8661.454,58115.25059,47175.955,2629.239,19512.107,28048.883,161.348,2126.86,445899.866,172196.65,27407.158,1551.141,1439.42031,10436642.48,586.72,12405.461,194343.666,,616.056,492357.089,172653.361,4074.037,2676.91,33417.371,150.347,663.727,1987.514,858.078,476334.846,476481.731,94145.88743,55.005,1598.812,,,62394.005,440.04,150.347,29651.362,179.683,2241901.817,,550.05,48672.091,,,841580.167,458657.359,47.671,492357.089,476481.731,20755.22,11939.752,106717.034,2357.881,619.723,,6006576.418,3296.633,4492555.377,,66.006,101278.873,47.671,21165.924,121.011,19863328.59,113.677,8657.787,324214.138,3641.331,2753.917,10263.933
1986,179.683,3142.619,4660.757,8056.399,648469.3378,47234.627,104212.473,,249.356,239964.813,54080.916,,242.022,102874.018,685.729,480.377,11463.042,91528.32,11012.001,1411.795,,,205.352,421.705,3777.01,198883.412,916.75,2299.209,55.005,1067.097,161.348,405053.153,1210947.47,42295.178,22247.689,2068969.071,5966.209,2005.849,1067.097,49101.13,44.004,58.672,2607.237,27894.869,33567.718,205.352,3545.989,,,377.701,47.671,58903.021,8181.077,76277.267,2388458.864,2472075.484,3912956.152,,,15276.722,74564.778,,190467.647,,2214.868,4180803.911,181348.5928,53329.181,605.055,385614.386,491.378,4968.785,568777.369,,3047.277,40.337,997.424,161.348,183.35,80.674,59130.375,66.006,326.363,3700.003,1045.095,10693603.3,25698.336,1848.168,55680.47021,,843.41,83537.927,7998096.971,8401790.333,401441.6631,298698.6709,121740.733,100943.9581,457571.927,28525.593,148399.823,47751.674,1785.829,26626.087,366454.311,4550.747,9281.177,915334.538,,4162.045,,432.706,18.335,58.672,182451.585,35320.544,864480.582,209.019,7759.372,729.733,34059.096,132.012,923985.0477,69754.39187,3703.67,1530660.32,7891993.004,5599701.591,,9009.819,,876.413,18881.383,,1140.437,80.674,819048.632,294559.109,,7798140.923,,381.368,1485.135,6791.284,469299.1742,9673.546,982.756,374.034,799.406,553.717,39984.968,4900938.166,,1404.461,902.082,73505.015,2262.539,145095.856,47076.946,704.064,161.348,22893.081,10540419.3,9875.231,59519.1262,49453.162,2753.917,21847.986,29207.655,161.348,2064.521,453369.545,172627.3102,30520.441,1664.818,1439.42031,10412202.86,605.055,13296.542,202147.042,,597.721,526174.163,204878.957,4250.053,2662.242,35027.184,154.014,674.728,1991.181,924.084,482381.3571,482543.0537,90232.43772,51.338,1760.16,,,62038.306,458.375,165.015,31352.85,187.017,2353368.886,,707.731,49702.518,,,874033.117,469038.636,47.671,526174.163,482543.0537,17385.247,12064.43,116881.958,2299.209,704.064,,6260645.765,3179.289,4495463.308,,66.006,109529.623,55.005,23091.099,58.672,20471999.26,113.677,8269.085,330855.075,3377.307,2889.596,13127.86
1987,447.374,3124.284,5815.862,7444.01,649739.3349,47693.002,114942.115,,275.025,256106.947,57744.249,,267.691,103116.04,539.049,517.047,11862.745,91634.663,11430.039,1422.796,,,227.354,572.052,4030.033,207530.198,942.419,3318.635,102.676,1239.446,260.357,431349.21,1244490.152,40252.659,22673.061,2209708.531,7682.365,1855.502,1323.787,50487.256,47.671,80.674,2757.584,29240.658,33952.753,216.353,4121.708,,,388.702,47.671,58341.97,9754.22,84120.98,2546805.8,2572303.039,4093890.648,,,15115.374,74810.467,,190878.351,,2581.568,4260243.192,193124.0803,57656.241,476.71,377491.981,498.712,4022.699,571868.65,,3285.632,47.671,993.757,179.683,194.351,99.009,63472.103,73.34,234.688,3993.363,1309.119,10987342.77,28272.57,2174.531,61832.2641,,913.083,84436.342,8436500.484,8844839.029,405720.6716,293572.5806,123372.548,108351.5942,488481.07,30197.745,159573.172,52881.807,1851.835,27385.156,383670.876,5383.156,9662.545,905734.332,,5174.137,,436.373,22.002,55.005,192660.513,31470.194,908777.942,209.019,7968.391,766.403,32566.627,146.68,970251.2933,73253.21276,4074.037,1596565.53,8326444.325,5910864.701,,8668.788,,971.755,20117.162,,1287.117,80.674,830537.6158,307356.939,,8225561.481,,359.366,1855.502,4976.119,499025.7113,10586.629,982.756,3285.632,931.418,546.383,40762.372,5120294.439,,1459.466,1001.091,59343.061,2438.555,152569.202,40707.367,872.746,157.681,24110.525,10875447.94,9464.527,59742.70639,53534.533,3201.291,25782.677,32683.971,161.348,2335.879,465353.301,170043.3493,31536.2,1892.172,1303.475058,10724521.47,608.722,11499.712,212165.286,,616.056,562132.765,190706.002,3351.638,2453.223,32599.63,161.348,498.712,2449.556,993.757,474894.8461,475093.8406,91980.01146,51.338,1760.16,,,59717.095,436.373,201.685,36226.293,198.018,2509375.108,,766.403,56944.843,,,918909.863,498748.67,55.005,562132.765,475093.8406,17520.926,11749.068,129907.142,2390.884,770.07,,6621279.677,3560.657,4688373.177,,77.007,110981.755,62.339,25969.694,47.671,20992676.59,113.677,8683.456,329025.242,3854.017,2702.579,15240.052
1988,612.389,2867.594,5130.133,7326.666,688632.079,48367.73,121473.042,,286.026,261145.405,53340.182,,256.69,100354.789,553.717,553.717,13545.898,87289.268,12163.439,1540.14,,,249.356,645.392,4308.725,209363.698,946.086,5716.853,110.01,1301.785,231.021,456053.789,1201799.952,40711.034,26926.781,2369501.723,9160.166,2211.201,1499.803,52445.434,51.338,73.34,2940.934,27146.801,35635.906,227.354,4129.042,,,348.365,55.005,55107.676,9834.894,83948.631,2732581.771,2699063.002,4421167.532,,,17271.57,74531.775,,199033.759,,2673.243,4204233.51,216941.2969,52185.077,553.717,372207.834,528.048,4334.394,570464.189,,3450.647,69.673,1026.76,183.35,216.353,106.343,67989.847,95.342,546.383,4125.375,1404.461,11389622.9,29482.68,2504.561,67011.14654,,1023.093,78264.781,8841355.78,9281853.041,437928.2024,318685.0021,132162.347,115575.6457,527563.956,29842.046,176115.009,67927.508,1848.168,30051.065,389780.098,4528.745,9314.18,989081.575,,4789.102,,451.041,22.002,66.006,221959.843,32914.992,927453.973,209.019,7660.363,817.741,36398.642,165.015,993438.3828,76981.71554,3490.984,1714118.221,8800751.848,6187385.214,,8929.145,,964.421,21176.925,,1290.784,95.342,887318.5804,307067.246,,8695614.044,,385.035,2013.183,4118.041,536732.4037,11595.054,1012.092,3230.627,854.411,542.716,42724.217,5349225.249,,1507.137,990.09,70747.431,2247.871,146914.688,42482.195,993.757,157.681,25397.642,11228637.78,10586.629,65446.60098,58213.625,2929.933,25107.949,37729.763,183.35,2200.2,445976.873,200174.5799,32925.993,2163.53,1443.418699,11126264.98,572.052,11928.751,212777.675,,696.73,606881.166,202554.079,4847.774,2742.916,36105.282,157.681,458.375,2471.558,1008.425,505570.1925,505765.1009,94587.42866,47.671,1877.504,,,57443.555,436.373,198.018,36945.025,66.006,2692409.205,,792.072,67003.424,,,939771.426,536434.429,69.673,606881.166,505765.1009,15867.109,12464.133,126309.815,2288.208,865.412,,6974079.939,4807.437,4892526.068,,66.006,116097.22,66.006,23182.774,66.006,21766336.58,113.677,9603.873,343055.184,4019.032,3142.619,16101.797
1989,649.059,2775.919,5009.122,8984.15,699720.6954,54487.953,117090.977,,286.026,277771.583,54117.586,,300.694,107461.435,630.724,821.408,13454.223,86739.218,11738.067,1947.177,,,300.694,781.071,4994.454,214024.455,990.09,6347.577,62.339,1430.13,249.356,463274.112,1167466.019,39467.921,32386.944,2408540.605,8522.108,7638.361,1507.137,53233.839,51.338,80.674,2973.937,29904.385,35738.582,260.357,4341.728,,,388.702,58.672,48785.768,10366.609,80046.943,2785299.564,2826111.906,4558958.19,,,20267.509,72181.228,,226671.938,,2827.257,4324545.984,220128.5897,52584.78,630.724,390649.177,579.386,5771.858,581721.879,,3344.304,69.673,1045.095,179.683,231.021,117.344,74183.41,102.676,473.043,4246.386,1184.441,11684743.93,30348.092,2728.248,70951.43788,,1037.761,76090.25,9105536.239,9504904.038,395968.1214,275646.3233,130966.905,114028.946,579008.299,30018.062,191204.714,73251.992,1903.173,31756.22,408907.17,6728.945,9233.506,1025549.89,,5192.472,,451.041,22.002,66.006,235846.772,35885.262,978582.954,234.688,8052.732,667.394,37322.726,165.015,1051755.96,76694.61317,3483.65,1747393.947,9054691.345,6290054.055,,9658.878,,1030.427,22918.75,,931.418,124.678,916881.0711,361877.895,,8946558.193,,418.038,2170.864,4462.739,552703.7214,10568.294,1041.428,2849.259,1052.429,564.718,49882.201,5419136.604,,1646.483,1041.428,42441.858,1477.801,163100.826,49379.822,913.083,157.681,25404.976,11564058.48,10065.915,72367.18777,60956.541,2522.896,21840.652,39141.558,227.354,2035.185,423787.856,180974.6272,41209.746,2244.204,1583.362341,11430657.7,542.716,14326.969,214141.799,,689.396,660778.732,203738.52,3758.675,3696.336,41888.141,161.348,374.034,2588.902,957.087,481131.1247,481363.5329,104431.4744,47.671,1855.502,,,55533.048,436.373,234.688,34565.142,102.676,2744348.935,,836.076,78891.838,,,996606.259,552396.88,69.673,660778.732,481363.5329,16142.134,13234.203,139316.664,2207.534,803.073,,7191078.231,4880.777,4955081.421,,77.007,108854.895,66.006,17509.925,62.339,22242859.56,121.011,9996.242,341108.007,4393.066,2603.57,16186.138
1990,1730.824,2614.571,5115.465,5309.816,706668.9745,52009.061,112613.57,,300.694,263704.971,57685.577,,293.36,106049.64,707.731,583.053,15533.412,75763.887,12427.463,1950.844,,,311.695,594.054,5471.164,208886.988,1074.431,6193.563,128.345,2702.579,198.018,435181.225,980709.0937,42610.54,33314.695,2460744.017,5768.191,1738.158,1188.108,57337.212,62.339,95.342,2955.602,31609.54,33494.378,253.023,4374.731,,,322.696,58.672,50230.566,9229.839,77942.085,2883246.046,2888076.081,4725004.006,,,16827.863,75943.57,,218597.204,,3017.941,4082169.922,196840.0529,51745.037,817.741,375632.812,616.056,4499.409,555924.534,,3817.347,143.013,1056.096,190.684,172.349,121.011,74278.752,106.343,553.717,5086.129,1133.103,11482433.44,27333.818,2592.569,60443.99431,,993.757,69614.328,9038169.034,9436050.007,394526.8301,276857.0685,149565.929,111926.903,619154.615,31242.84,211010.181,52555.444,1998.515,36295.966,417550.289,7532.018,10403.279,1096179.977,,5823.196,,1485.135,22.002,124.678,246943.114,48312.725,934303.929,212.686,8214.08,476.71,36780.01,165.015,1008939.864,75825.64999,3868.685,1860521.03,9064982.667,6244836.285,,10003.576,,1034.094,23542.14,,949.753,143.013,949594.5954,314291.236,47.671,8962162.839,,421.705,2178.198,4275.722,557245.9891,9988.908,1023.093,905.749,1463.133,612.389,56592.811,5259332.411,40.337,1584.144,733.4,38162.469,2548.565,158403.399,31510.531,634.391,124.678,23545.807,11286907.18,11386.035,70146.9845,68565.566,2768.585,21169.591,41763.463,234.688,2141.528,368423.49,143836.7433,42320.847,2163.53,1759.29149,11227061.42,498.712,11774.737,158861.774,,542.716,710642.598,217948.145,5221.808,3182.956,46941.267,146.68,487.711,2511.895,18.335,444022.2904,444169.5601,104812.5942,47.671,1811.498,,,51946.722,425.372,150.347,37359.396,146.68,2840816.816,,773.737,90805.921,,,955502.856,556936.626,77.007,710642.598,444169.5601,16959.875,13267.206,145858.592,2266.206,759.069,,7096642.647,3993.363,4823557.132,,80.674,122162.438,66.006,21407.946,66.006,22352939.23,124.678,9596.539,319795.403,4070.37,2445.889,15504.076
1991,1771.161,2438.555,5089.796,4286.723,743660.3934,57010.849,117021.304,,289.693,261471.768,61605.6,,337.364,110959.753,821.408,627.057,15940.449,58176.955,11877.413,1782.162,,,359.366,495.045,5742.522,219330.604,1206.443,5309.816,187.017,2636.573,205.352,426780.128,909667.4694,42705.882,31323.514,2584538.27,5636.179,1111.101,1265.115,57120.859,62.339,99.009,3336.97,36215.292,29655.029,275.025,4690.093,,929973.202,311.695,58.672,60270.812,10043.913,80193.623,3065010.136,3079232.217,4934513.743,,,16497.833,78715.822,2648312.329,225634.177,,2984.938,4110717.764,202197.771,53699.548,674.728,390627.175,590.387,4536.079,566830.192,,3934.691,198.018,1074.431,198.018,176.016,201.685,74062.399,110.01,546.383,5053.126,1114.768,11598492.73,28639.27,2698.912,58580.4947,,997.424,66585.386,9402256.738,9804475.84,398569.5499,283470.99,179730.671,110197.5406,658189.83,31400.521,227871.047,47421.644,1767.494,36754.341,423894.199,7755.705,9798.224,1099381.268,,4840.44,,1510.804,22.002,139.346,261482.769,10190.593,952037.541,234.688,8478.104,282.359,42863.563,172.349,1029666.815,75921.35078,4176.713,1996226.215,9442843.05,6425781.06,,10615.965,,1092.766,24975.937,,1034.094,154.014,1004093.904,326374.001,51.338,9338632.63,,436.373,2075.522,4180.38,588953.8061,12159.772,1023.093,942.419,1521.805,660.06,68591.235,5249658.865,1056.096,1767.494,722.399,40014.304,2005.849,165154.346,32075.249,960.754,124.678,24084.856,11374960.63,11771.07,78038.65014,68242.87,3245.295,20417.856,43930.66,234.688,2064.521,361643.207,137826.2256,43992.999,2134.194,1631.131182,11290477.3,473.043,17674.94,137530.835,,487.711,750290.202,267768.007,4891.778,3424.978,47425.311,146.68,546.383,3171.955,3.667,457766.1387,457935.5684,117543.3199,47.671,2101.191,,,51525.017,326.363,172.349,42529.866,69.673,3019898.244,,843.41,99782.737,,,979738.059,588626.84,95.342,750290.202,457935.5684,21048.58,15489.408,148619.843,2398.218,781.071,,7338819.542,4554.414,4822383.692,,77.007,115440.827,66.006,21451.95,66.006,22627491.19,124.678,9977.907,332618.902,2962.936,2416.553,15823.105
1992,1558.475,1393.46,5196.139,2515.562,802968.5247,58136.618,121447.373,5518.835,289.693,267984.36,56658.817,56240.779,308.028,111968.178,898.415,630.724,17748.28,54458.617,10901.991,1793.163,15053.035,87417.613,355.699,403.37,6582.265,220705.729,979.089,5214.474,216.353,2779.586,216.353,441114.431,864352.237,42793.89,32474.952,2695982.067,4624.087,3795.345,1573.143,62049.307,62.339,106.343,3791.678,35881.595,31385.853,311.695,5181.471,138176.227,891975.748,311.695,58.672,54322.938,10923.993,80890.353,3222676.982,3178044.441,5164419.282,3765613.322,7646448.336,22280.692,81264.387,2580020.526,233921.597,23879.504,2966.603,3989167.952,216719.5066,47472.982,722.399,365819.92,597.721,4932.115,556280.233,15335.394,3982.362,234.688,1074.431,198.018,179.683,216.353,75499.863,117.344,480.377,6017.547,1045.095,11727382.76,33094.675,3076.613,60372.89693,16486.832,909.416,60388.156,9679056.67,10141174.39,459019.7041,338779.7582,202576.081,117532.4225,699087.881,31033.821,228927.143,61671.606,1818.832,42790.223,420535.227,7715.368,12266.115,1123847.492,269836.195,5540.837,11217.353,1529.139,22.002,139.346,284280.508,21085.25,968414.363,256.69,10359.275,286.026,37260.387,205.352,1047624.713,81655.74213,5185.138,2173342.859,9798506.019,6655751.159,22148.68,10571.961,14143.619,1085.432,26039.367,20971.573,1004.758,231.021,1070881.876,328698.879,55.005,9692731.398,10777.313,443.707,2042.519,4888.111,611481.6928,11019.335,1004.758,993.757,1708.822,656.393,75298.178,5352620.891,1151.438,1584.144,700.397,64289.844,2394.551,162224.413,32009.243,1331.121,121.011,25082.28,11452693.73,12079.098,91437.33722,72789.95,4246.386,20388.52,48752.765,106.343,2053.52,354745.58,178293.2997,48279.722,2530.23,1514.621812,11371455.01,429.039,26802.103,123262.538,2078668.286,487.711,797983.204,285534.622,4378.398,3479.983,50267.236,143.013,447.374,3318.635,11.001,461315.5786,461484.9663,128955.473,47.671,2112.192,44183.683,12478.801,51026.305,264.024,172.349,42918.568,88.008,3175234.414,4135245.377,836.076,109778.979,7220.323,33028.669,996089.212,611142.22,69.673,797983.204,461484.9663,20986.241,15023.699,153108.251,2324.878,788.405,630929.352,7518524.679,5170.47,4911103.09,111451.131,84.341,105972.633,69.673,21477.619,62.339,22403367.82,128.345,14209.625,307822.648,2816.256,2456.89,16901.203
1993,1602.479,1345.789,5775.525,2335.879,881796.4383,65980.331,118609.115,2555.899,304.361,277397.549,57102.524,48452.071,326.363,107652.119,1133.103,627.057,17407.249,68077.855,14642.331,1701.488,12603.479,76768.645,377.701,465.709,8060.066,230738.641,1114.768,4968.785,183.35,3197.624,223.687,445679.846,858470.369,40751.371,34627.481,2878694.009,5892.869,3898.021,1543.807,64022.153,62.339,110.01,3953.026,32181.592,29380.004,333.697,5449.162,132631.723,877645.112,311.695,62.339,57065.854,11763.736,82294.814,3457474.364,3322613.063,5451356.773,3458639.98,7277342.461,24205.867,93156.468,2526511.662,219253.597,19508.44,3028.942,3934448.978,222100.0396,50402.915,762.736,359861.045,663.727,4990.787,545711.939,9952.238,4547.08,238.355,1103.767,209.019,183.35,102.676,75712.549,121.011,498.712,5658.181,1045.095,11899631.99,34964.845,2849.259,62737.82013,16831.53,663.727,61909.961,9722341.35,10175781.75,450190.3927,337917.7139,218600.871,109360.7556,723697.118,31261.175,237533.592,66801.739,1976.513,45074.764,411917.777,8005.061,12101.1,1109887.223,223771.341,6347.577,8621.117,1536.473,22.002,143.013,321951.599,33274.358,1003305.868,256.69,11683.062,319.029,38947.207,227.354,1080414.161,76422.82292,5042.125,2129660.05,9835177.904,6688334.448,17495.257,10788.314,12016.759,1188.108,28217.565,15628.754,1030.427,198.018,1162507.623,330448.038,62.339,9729192.721,10340.94,454.708,2669.576,5342.819,642826.2752,9284.844,1078.098,1026.76,1774.828,693.063,91722.671,5479077.386,1389.793,1837.167,781.071,58268.63,2302.876,164802.314,35148.195,1466.8,113.677,26688.426,11564925.93,13457.89,96188.95399,78008.091,3942.025,23556.808,49482.498,102.676,1994.848,353253.111,179469.1892,46926.599,2867.594,1568.992852,11390101.7,425.372,30722.126,120699.305,1938445.873,495.045,827348.54,313818.193,3021.608,3593.66,54627.299,143.013,447.374,3795.345,11.001,471405.8105,471586.24,129925.8265,47.671,2156.196,42881.898,13164.53,51756.038,132.012,183.35,45665.151,99.009,3406559.08,3827807.163,865.412,124949.358,5170.47,28316.574,1030287.654,642469.401,84.341,827348.54,471586.24,16820.529,16501.5,159136.799,2596.236,781.071,539335.026,7598795.028,4466.406,5032931.831,116232.899,102.676,124391.974,73.34,23006.758,62.339,22381538.17,128.345,9255.508,321104.522,2592.569,2500.894,16208.14
1994,1595.145,1294.451,3890.687,1925.175,908715.9726,73130.981,123350.546,2706.246,311.695,278119.948,57054.853,41976.149,333.697,112334.878,1265.115,645.392,18969.391,54344.94,14789.011,1686.82,3230.627,65056.247,374.034,462.042,8936.479,242154.012,748.068,4693.76,212.686,3032.609,234.688,456955.871,805984.598,41323.423,38103.797,3058241.33,5251.144,3817.347,2148.862,67571.809,62.339,113.677,5269.479,35470.891,32247.598,366.7,5643.513,125734.096,865558.68,304.361,66.006,61000.545,12475.134,86500.863,3667884.174,3446271.181,5761867.766,3024472.973,6813482.618,13652.241,85312.755,2513952.187,233404.55,19042.731,2240.537,3881493.831,242112.5807,57223.535,817.741,338093.733,579.386,4389.399,546738.699,6083.553,4954.117,282.359,1228.445,209.019,183.35,36.67,77909.082,143.013,502.379,6838.955,1386.126,12060944.28,31283.177,3336.97,64668.67515,16549.171,300.694,58892.02,9638749.906,10080087.42,438009.9733,325713.367,221413.46,109602.3393,764730.848,32672.97,265611.811,75045.155,2009.516,48400.733,407378.031,8195.745,13633.906,1173315.322,200269.538,6556.596,6226.566,1606.146,22.002,157.681,344037.94,38906.87,1045083.999,275.025,12702.488,315.362,44132.345,264.024,1128686.48,78976.12,5526.169,2065091.375,9755370.038,6617190.589,17359.578,10190.593,10912.992,1283.45,29640.361,12090.099,1268.782,198.018,1219295.924,348133.979,66.006,9649788.717,10469.285,462.042,2438.555,6244.901,687045.5081,7946.389,1063.43,1199.109,1624.481,718.732,94010.879,5555893.702,1584.144,1980.18,773.737,44865.745,2541.231,165312.027,33905.082,1697.821,110.01,26681.092,11716054,15306.058,94649.32398,84839.712,4338.061,23230.445,54799.648,102.676,2181.865,333972.025,173151.5921,47659.999,3432.312,1623.363891,11417523.53,440.04,30223.414,115415.158,1698378.384,473.043,877469.096,309018.09,4147.377,3901.688,65367.942,139.346,513.38,4594.751,11.001,474207.4125,474406.4114,131825.162,47.671,2163.53,40421.341,13340.546,54894.99,484.044,201.685,46647.907,102.676,3613859.778,3374702.17,832.409,139158.983,2354.214,33534.715,1075329.415,686664.085,91.675,877469.096,474406.4114,19853.138,15940.449,156848.591,2405.552,707.731,441767.157,7584083.526,4066.703,5098475.789,108664.211,121.011,129965.814,80.674,26230.051,62.339,22760830.65,121.011,11191.684,337576.686,1639.149,2420.22,17645.604
1995,1609.813,1243.113,10975.331,2086.523,871977.819,70641.088,127963.632,3410.31,322.696,281860.288,59783.101,33333.03,322.696,112327.544,1327.454,627.057,22816.074,58004.606,14818.347,1683.153,3428.645,60773.191,377.701,447.374,9460.86,258347.484,828.742,4789.102,249.356,3047.277,234.688,467703.848,830260.138,39225.899,41745.128,3320285.15,7132.315,4363.73,1565.809,59614.419,66.006,121.011,4866.109,37836.106,25709.337,366.7,5383.156,123830.923,864110.215,304.361,80.674,57172.197,15885.444,95345.667,3996881.904,3492509.074,6127007.064,2933701.145,6763680.886,22841.743,95723.368,2557585.82,241611.296,17520.926,2563.233,3938603.689,244116.6734,52713.125,869.079,349116.735,682.062,4624.087,538117.582,2302.876,5276.813,275.025,1250.447,216.353,183.35,132.012,78781.828,150.347,502.379,7165.318,1463.133,12138954.4,31470.194,3879.686,70630.53782,17051.55,902.082,60369.821,10014596.68,10445826.1,427474.0476,305416.808,224941.114,119886.3537,811562.105,32969.997,273338.18,77901.748,1947.177,51099.645,430483.798,9178.501,13556.899,1183447.243,169540.078,7554.02,4528.745,1551.141,22.002,161.348,374771.067,54821.65,1050789.851,348.365,13578.901,330.03,46020.85,311.695,1139948.781,94016.66732,5903.87,2122074.545,10100489.95,6877520.258,16204.473,8316.756,9442.525,1243.113,30373.761,11191.684,1265.115,249.356,1192649.698,328291.842,66.006,9992313.773,10839.652,469.376,2126.86,6959.966,715190.6903,7920.72,1114.768,1092.766,1829.833,729.733,121132.011,5606160.938,1631.815,2075.522,810.407,33267.024,2779.586,168304.299,33439.373,2035.185,106.343,27132.133,11853379.48,15896.445,94861.68674,84484.013,2984.938,23883.171,60710.852,106.343,2060.854,344213.956,175934.8047,51869.715,3964.027,1701.036805,11522275.05,429.039,31789.223,127101.887,1631473.969,462.042,928543.072,236253.809,4297.724,3494.651,47109.949,143.013,399.703,5027.457,11.001,495798.9256,495993.9716,134536.8864,47.671,2181.865,42115.495,14403.976,55155.347,454.708,198.018,41664.454,102.676,3937998.153,3295086.889,953.42,161153.649,2449.556,34000.424,1092868.676,714793.642,95.342,928543.072,495993.9716,20967.906,15735.097,171974.966,3553.323,938.752,445943.87,7869644.365,4591.084,5138009.716,100079.764,128.345,133350.455,84.341,29090.311,66.006,23258105.18,132.012,11250.356,360363.424,2123.193,2170.864,15130.042
1996,1617.147,1177.107,10458.284,2016.85,864677.0786,41059.399,135000.605,2563.233,322.696,302164.467,63178.743,31257.508,319.029,118059.065,1265.115,707.731,24029.851,56559.808,15621.42,1668.485,4257.387,60164.469,308.028,454.708,10014.577,284782.887,850.744,4869.776,300.694,2757.584,234.688,479419.913,842947.958,39885.959,48499.742,3463089.131,8379.095,4602.085,1716.156,60527.502,66.006,143.013,4748.765,39211.231,26996.454,388.702,5936.873,125378.397,889614.2,311.695,73.34,72181.228,17326.575,97131.496,4202237.025,3679606.726,6418651.848,2868632.459,6810888.416,24191.199,102030.608,2623555.15,233305.541,18349.668,2860.26,4046534.5,239513.4862,61282.904,894.748,375280.78,601.388,4774.434,551436.126,4066.703,5610.51,282.359,1272.449,216.353,183.35,117.344,80241.294,154.014,517.047,6651.938,1518.138,12470398.69,29123.314,3960.36,74544.20066,17007.546,1034.094,62060.308,10284659.37,10753268.54,465034.1704,331725.6677,253290.691,130966.3038,882324.204,34906.173,276510.135,69500.651,2211.201,53098.16,425830.375,9702.882,14187.623,1204690.174,142627.965,9328.848,5694.851,1617.147,36.67,165.015,403780.704,50153.559,1094126.457,476.71,13758.584,341.031,44158.014,330.03,1192530.481,99175.88777,7062.642,2231910.017,10390911.19,7026952.287,15731.43,8437.767,9149.165,1415.462,31195.169,11521.714,1364.124,289.693,1190489.094,341482.041,66.006,10279290.64,11741.734,487.711,2247.871,7256.993,722147.1843,8041.731,1041.428,1114.768,1950.844,711.398,125374.73,5740571.156,1749.159,2196.533,902.082,38936.206,2874.928,175150.588,33366.033,2486.226,102.676,28642.937,12208502.76,15104.373,98263.2831,94447.252,4624.087,24363.548,62162.984,110.01,2189.199,355754.005,176780.6272,50586.265,3751.341,1743.756907,11797853.77,432.706,32298.936,126691.183,1612966.62,480.377,1012117.669,258750.854,4433.403,3740.34,55305.694,143.013,473.043,4569.082,,510876.9292,511108.9456,139362.3267,47.671,2203.867,41312.422,14954.026,55910.749,341.031,234.688,42804.891,106.343,4140318.764,3241881.747,1059.763,180255.052,2827.257,30670.788,1143341.264,721746.274,77.007,1012117.669,511108.9456,21781.98,16758.19,188205.108,3461.648,1059.763,412335.815,8046646.62,5441.828,5260696.535,102584.325,132.012,122804.163,95.342,34667.818,84.341,23796153.09,132.012,13399.218,365431.218,2317.544,1870.17,14994.363
1997,1650.15,1096.433,7381.671,1543.807,833719.5903,41646.119,138003.878,3234.294,337.364,305794.797,62658.029,29809.043,304.361,115341.818,1217.444,806.74,25063.945,51616.692,17319.241,1364.124,8393.763,59555.747,388.702,451.041,11026.669,300547.32,902.082,5060.46,392.369,2801.588,245.689,495294.356,821664.69,41466.436,56394.793,3469510.048,8173.743,3215.959,2343.213,64909.567,66.006,146.68,4987.12,37025.699,24649.574,407.037,5859.866,127413.582,862276.715,326.363,80.674,61557.929,18001.303,88195.017,4259621.519,3761762.996,6534112.013,2683010.306,6555757.495,18360.669,108202.169,2590478.81,252073.247,18107.646,3050.944,3954382.79,239930.2357,59933.448,737.067,351507.619,590.387,4796.436,527343.936,4437.07,6365.912,293.36,1279.783,216.353,201.685,293.36,83717.61,168.682,520.714,7598.024,1591.478,12566369.1,30703.791,4158.378,76752.09724,18962.057,1367.791,60890.535,10245950.15,10724297.07,474911.1606,339586.7785,278658.997,132902.3473,917685.085,36416.977,269770.189,68308.876,2104.858,55881.413,430487.465,10131.921,14418.644,1200788.486,129459.768,8265.418,5610.51,1540.14,29.336,172.349,430032.757,54920.659,1147532.645,608.722,15647.089,352.032,44975.755,311.695,1252094.293,98801.15349,7616.359,2249657.307,10358071.01,6962470.216,15339.061,7939.055,8456.102,1499.803,31862.563,7099.312,1650.15,330.03,1154877.646,359046.971,66.006,10247613,10634.3,524.381,2522.896,7499.015,713367.179,7708.034,1125.769,1118.435,1998.515,759.069,124821.013,5870980.677,1796.83,1829.833,909.416,40175.652,3142.619,167860.592,36101.615,2783.253,102.676,31022.82,12333334.78,15485.741,106958.7797,94711.276,5647.18,27407.158,71158.135,110.01,2577.901,349523.772,172134.1926,53072.491,4195.048,1592.294726,11832737.94,451.041,37495.075,114447.07,1526011.049,498.712,1049678.75,216239.323,5419.826,3263.63,69240.294,143.013,443.707,5474.831,,521539.2317,521878.8288,145598.1646,47.671,2214.868,41048.398,15859.775,52148.407,1202.776,341.031,40960.39,113.677,4196856.318,3052328.851,986.423,185916.9,2152.529,30623.117,1204572.83,712971.143,99.009,1049678.75,521878.8288,19229.748,16945.207,198535.047,2882.262,1107.434,341196.015,7997162.475,5555.505,5375235.28,102646.664,132.012,133988.513,99.009,45100.433,84.341,24155273.4,132.012,13358.881,377855.014,1899.506,2390.884,14407.643
1998,1712.489,1041.428,7308.331,1752.826,906417.1356,81495.408,139815.376,3362.639,333.697,316883.805,63662.787,31675.546,293.36,118374.427,1213.777,861.745,24048.186,48998.454,18404.673,1679.486,10593.963,58099.948,370.367,443.707,11455.708,312289.054,1140.437,5269.479,381.368,3344.304,249.356,506456.704,774829.766,41704.791,57641.573,3324344.519,6912.295,3208.625,777.404,65976.664,69.673,157.681,5317.15,37352.062,24499.227,432.706,6406.249,122543.806,855364.42,315.362,77.007,59552.08,18397.339,107080.067,4011950.018,3866269.353,6188717.088,2646925.536,6544726.488,22460.375,122243.112,2638564.181,261541.441,16310.816,3219.626,3961584.778,252758.9301,56988.847,704.064,377381.971,623.39,4979.786,531905.684,4961.451,6402.582,308.028,1243.113,234.688,172.349,168.682,87751.31,176.016,528.048,8753.129,1657.484,12567868.46,39101.221,4649.756,74437.12875,20216.171,1232.112,59163.378,10102844.57,10600366.08,494412.3974,359186.3653,210210.775,132499.4055,936221.77,38554.838,308988.754,72371.912,2101.191,57095.19,440153.677,9717.55,14543.322,1157829.581,127321.907,10036.579,5955.208,1950.844,33.003,183.35,364833.497,51745.037,1218437.757,685.729,16648.18,377.701,45474.467,308.028,1326214.094,96090.95405,7825.378,2231447.111,10254959.59,6769098.812,16197.139,7356.002,8063.733,1565.809,32038.579,6270.57,1738.158,300.694,1268308.957,374063.336,69.673,10145816.21,12625.481,762.736,2145.195,8078.401,800781.125,7708.034,1133.103,1122.102,2170.864,773.737,114186.713,5917819.268,1906.84,1811.498,957.087,40164.651,3421.311,168821.346,37777.434,2251.538,99.009,30029.063,12323338.54,16560.172,102313.3443,97663.211,5947.874,27806.861,69240.294,110.01,2863.927,325431.582,174168.6379,57817.589,4503.076,1551.656113,11811803.04,447.374,32401.612,102232.293,1495505.276,487.711,1069733.573,207680.545,4697.427,3428.645,57293.208,143.013,414.371,5812.195,,520462.2315,520894.6843,141286.5674,47.671,2229.536,40480.013,15192.381,52977.149,1213.777,432.706,50274.57,113.677,3952836.542,2993055.505,1166.106,164347.606,2497.227,32093.584,1277102.423,800179.737,88.008,1069733.573,520894.6843,19317.756,18001.303,200614.236,2555.899,1265.115,328636.54,7913572.55,5687.517,5410918.857,118477.103,161.348,167339.878,102.676,47513.319,80.674,24095857,132.012,12200.109,377726.669,1668.485,2313.877,14253.629
1999,1749.159,821.408,9156.499,2984.938,919955.0585,78374.791,146984.361,3014.274,348.365,325343.574,61869.624,28576.931,286.026,114260.053,1562.142,931.418,25236.294,43981.998,18019.638,1675.819,10377.61,56112.434,348.365,469.376,11243.022,320173.104,1210.11,3909.022,385.035,3160.954,264.024,515462.856,730385.726,40692.699,61502.924,3318055.614,6266.903,3080.28,821.408,56512.137,77.007,172.349,5522.502,41224.414,25331.636,432.706,6376.913,111975.512,822460.429,315.362,80.674,55148.013,18562.354,92118.707,4049157.84,4067469.124,6313288.525,2650723.145,6491973.84,21495.954,125393.065,2608854.147,282355.333,15159.378,3157.287,3886282.933,257727.0717,55423.038,803.073,368804.858,630.724,4807.437,530937.596,4345.395,6549.262,319.029,1272.449,256.69,194.351,473.043,86636.542,194.351,539.049,8929.145,1679.486,12736220.01,42716.883,4741.431,75068.48379,20120.829,1331.121,58796.678,10284114.58,10793899.58,506656.0612,366328.4944,241988.997,137596.9986,995766.516,40153.65,382512.104,72283.904,2068.188,55694.396,441998.178,9977.907,14568.991,1196516.431,116493.256,10172.258,4671.758,1895.839,29.336,183.35,399864.348,54022.244,1240403.087,927.751,16490.499,396.036,44620.056,319.029,1357149.761,104547.0791,8617.45,2341446.835,10456174.49,6778560.224,13692.578,7686.032,6780.283,1532.806,33153.347,4503.076,1917.841,421.705,1353735.389,382607.446,66.006,10337725.48,11723.399,795.739,2346.88,8969.482,866702.784,7554.02,1188.108,1147.771,2427.554,960.754,107934.478,6026362.468,1664.818,2057.187,953.42,44774.07,3626.663,163907.566,40681.698,3219.626,91.675,32639.967,12470399.9,20707.549,98699.3852,100384.125,5669.182,29358.002,69159.62,113.677,2445.889,315721.366,181408.4313,64425.523,4503.076,1714.210563,11955091.06,495.045,31407.855,89639.815,1531130.181,509.713,1134852.159,226459.252,5093.463,3700.003,50069.218,146.68,366.7,5698.518,,526872.2399,527382.6105,141839.1435,47.671,2225.869,39240.567,15276.722,51106.979,1239.446,509.713,52372.094,121.011,3984619.768,2986852.784,1536.473,176126.01,2519.229,37678.425,1306647.442,866053.725,110.01,1134852.159,527382.6105,22816.074,18331.333,196771.22,2537.564,1312.786,332549.229,7995283.47,6725.278,5510430.236,118319.422,165.015,173122.737,102.676,47693.002,84.341,24051853,139.346,13894.263,375236.776,1382.459,1807.831,15834.106
2000,2321.211,773.737,9541.534,3021.608,1045846.735,112562.232,142136.587,3465.315,344.698,329443.28,62133.648,29508.349,289.693,115118.131,1598.812,1041.428,27869.2,43530.957,18643.028,1668.485,13787.92,53787.556,414.371,465.709,10223.596,327983.814,1188.108,4712.095,396.036,3780.677,267.691,534483.585,716256.775,39049.883,58815.013,3405179.867,6791.284,3432.312,1048.762,57923.932,84.341,187.017,5474.831,42680.213,26083.371,469.376,6930.63,123849.258,829977.779,341.031,102.676,51330.666,19790.799,87930.993,4197358.36,4219065.881,6547424.871,2692624.173,6548091.315,20718.55,141326.18,2628567.939,294434.431,14858.684,3549.656,3903635.177,258513.5051,52427.099,865.412,362090.581,689.396,4693.76,541784.582,4536.079,6288.905,333.697,1279.783,275.025,146.68,454.708,91616.328,190.684,531.715,9915.568,1609.813,13159210.1,40439.676,5031.124,75950.904,19438.767,1367.791,55811.74,10471417.73,11035001.36,560877.4685,413975.7028,263418.945,143572.7005,1031853.463,41228.081,372479.192,72445.252,2163.53,60259.811,450564.29,10307.937,15507.743,1220527.947,118099.402,10417.947,4635.088,1976.513,33.003,183.35,447561.017,53560.202,1226263.135,938.752,15247.386,425.372,47113.616,330.03,1340308.58,110266.5084,10238.264,2465490.014,10723548.5,6962579.492,12163.439,8239.749,6351.244,1635.482,33905.082,3512.986,1873.837,451.041,1473341.928,382508.437,77.007,10601648.15,12064.43,821.408,2064.521,10087.917,872690.995,7506.349,1349.456,1173.44,2691.578,894.748,125734.096,6236778.595,1642.816,2233.203,696.73,79170.53,3762.342,165356.031,39673.273,3069.279,84.341,32980.998,12794273.01,21895.657,104505.2314,106449.343,5790.193,30296.754,73306.997,113.677,2665.909,299289.539,218520.2905,62731.369,3689.002,1788.09895,12261135.21,568.385,34730.157,90681.243,1557899.281,528.048,1181100.363,296935.325,5533.503,3938.358,49005.788,146.68,425.372,5742.522,517.047,566156.7527,566729.8216,149161.7166,47.671,2299.209,35885.262,14396.642,49350.486,1188.108,572.052,51040.973,176.016,4127679.121,3011219.013,1360.457,181270.811,2236.87,37539.079,1288723.146,871898.923,95.342,1181100.363,566729.8216,23894.172,19922.811,216151.315,2651.241,1430.13,320902.837,8134963.532,5306.149,5701829.301,121058.671,146.68,152422.522,102.676,53644.543,84.341,24667909,139.346,14638.664,378665.421,814.074,1822.499,13923.599
2001,2357.881,638.058,9732.218,3223.293,1040749.605,101414.552,133720.822,3542.322,344.698,324844.862,65727.308,28771.282,205.352,114527.744,1815.165,997.424,32456.617,46453.556,13927.266,1569.476,13362.548,52760.796,410.704,465.709,9823.893,337433.673,1221.111,4506.743,385.035,3850.35,245.689,527926.989,735537.861,42944.237,53340.182,3487566.356,7726.369,3421.311,766.403,56273.782,84.341,209.019,5760.857,44403.703,25452.647,473.043,6846.289,123720.913,853662.932,366.7,110.01,52918.477,19816.468,84293.329,4342386.716,4273085.225,6681614.28,2693601.664,6631834.432,23116.768,125451.737,2693290.489,297830.073,15570.082,4352.729,3988771.916,273221.2384,57051.186,1114.768,377389.305,762.736,4800.103,545862.286,3769.676,6919.629,344.698,1298.118,282.359,150.347,3094.948,93805.527,194.351,539.049,10626.966,1595.145,13116176.85,37957.117,5713.186,80736.339,20527.866,1569.476,56955.844,10670923.33,11258877.09,585330.7336,429026.6302,294907.474,152927.0811,1041152.975,44029.669,398657.905,85342.091,2101.191,63596.781,450347.937,10615.965,16002.788,1203377.388,131850.652,9369.185,3894.354,2251.538,25.669,183.35,450193.923,57641.573,1261378.327,872.746,16171.47,495.045,48100.039,363.033,1371419.172,121706.7717,10443.616,2516207.394,10951258.75,7115040.948,12885.838,8800.8,6985.635,1686.82,37715.095,3714.671,1741.825,462.042,1497261.769,395636.297,80.674,10825771.24,11998.424,828.742,2486.226,8723.793,899298.747,7884.05,1580.477,1272.449,2863.927,891.081,135620.328,6129797.537,2016.85,1888.505,656.393,83339.909,3964.027,168065.944,41910.143,3267.297,80.674,34447.798,12739216.67,20285.844,110891.283,108282.843,7007.637,27165.136,71051.792,179.683,3208.625,301284.387,240336.2631,62757.038,3821.014,2146.457623,12209217.83,678.395,41396.763,96632.784,1557506.912,531.715,1197088.483,297214.017,6369.579,4330.727,49541.17,154.014,568.385,5947.874,502.379,569143.5943,569779.7084,157623.2732,51.338,2471.558,39357.911,15163.045,51125.314,1144.104,634.391,48778.434,172.349,4270137.061,3015336.723,1162.439,194600.356,2291.875,38074.461,1320028.325,897949.291,88.008,1197088.483,569779.7084,25144.619,20817.559,194552.685,3127.951,1510.804,321775.583,8308347.782,5089.796,5601404.839,123200.199,179.683,172587.355,106.343,61139.891,88.008,25250962,143.013,16252.144,372042.819,836.076,1906.84,12596.145
2002,2372.549,883.747,12665.818,3751.341,1063085.302,84704.033,124714.67,3043.61,363.033,341353.696,66911.749,29614.692,212.686,107311.088,2079.189,1004.758,33707.064,44634.724,15698.427,1576.81,14301.3,52405.097,366.7,495.045,9567.203,332266.87,1228.445,4378.398,418.038,3978.695,245.689,519335.208,723763.124,40696.366,55162.681,3694242.143,7286.329,3417.644,575.719,55661.393,88.008,242.022,6325.575,45291.117,26090.705,491.378,7022.305,119749.552,829724.756,399.703,102.676,52049.398,21330.939,90853.592,4580830.689,4347205.471,6976814.839,2709941.866,6618449.155,24950.268,127193.562,2691930.032,314518.59,14888.02,4521.411,3964195.682,265878.6912,61682.607,836.076,374917.747,733.4,4572.749,528642.054,3388.308,7422.008,348.365,1323.787,315.362,154.014,4979.786,93669.848,205.352,539.049,11096.342,1580.477,13201611.28,39636.603,6090.887,84208.988,21598.63,1826.166,56094.099,10921859.63,11550016.49,625732.7507,464649.237,306737.216,157278.5724,1054258.833,43413.613,401991.208,87259.932,2170.864,59812.437,452610.476,10241.931,16886.535,1220047.57,133735.49,7968.391,4957.784,2207.534,40.337,198.018,465631.993,58228.293,1266831.156,1151.438,16002.788,491.378,47832.348,326.363,1380612.037,131116.6425,11056.005,2570397.056,11241893.75,7325564.774,13142.528,9416.856,6912.295,1525.472,38254.144,3986.029,1235.779,594.054,1517045.234,391859.287,84.341,11119020.69,10934.994,847.077,2299.209,9207.837,903519.464,8287.42,1587.811,1349.456,2885.929,883.747,133742.824,6168557.727,1760.16,2405.552,700.397,98114.252,4037.367,172026.304,38023.123,2625.572,77.007,33201.018,12799967.86,25470.982,113212.1046,114084.037,5870.867,27187.138,71337.818,179.683,3487.317,294834.134,263111.2614,66790.738,3898.021,1861.987336,12269121.94,707.731,40905.385,97237.839,1557085.207,531.715,1217627.35,326407.004,8118.738,4510.41,47230.96,154.014,608.722,6039.549,586.72,573826.0715,574365.6696,160544.0326,58.672,1690.487,39251.568,15419.735,57425.22,1125.769,539.049,39064.551,168.682,4511567.827,3026157.855,1232.112,208322.27,1881.171,39966.633,1328308.411,902364.359,102.676,1217627.35,574365.6696,27223.808,20861.563,205685.697,3589.993,1558.475,318687.969,8547412.461,4620.42,5648727.474,128077.309,187.017,193316.906,113.677,70806.103,84.341,25470982,143.013,15764.433,356637.752,927.751,1983.847,11965.421
2003,2416.553,1026.76,9064.824,4294.057,1144089.332,106841.712,135062.944,3428.645,388.702,336271.234,72023.547,30615.783,161.348,112914.264,2354.214,1078.098,35672.576,47307.967,16468.497,1518.138,14488.317,53530.866,385.035,469.376,14128.951,321621.569,1268.782,4591.084,377.701,3828.348,234.688,553185.285,747162.251,40175.652,55602.721,4525177.009,5460.163,3795.345,916.75,57421.553,95.342,308.028,6626.269,46497.56,25485.65,498.712,7748.371,122059.762,822812.461,421.705,117.344,55998.757,21514.289,92533.078,5473317.556,4564790.413,7884929.148,2826195.871,6809259.677,26967.118,147963.45,2733854.843,321097.188,17124.89,4987.12,4039479.192,290981.449,69130.284,861.745,380520.923,748.068,4642.422,540006.087,3773.343,7631.027,355.699,1342.122,315.362,194.351,6017.547,95738.036,216.353,531.715,10828.651,1565.809,13394485.53,43358.608,6769.282,93251.81,23091.099,1734.491,59064.369,12105564.4,12750257.56,641509.9638,472577.291,316792.13,165155.9455,1099597.621,42687.547,418639.388,91117.616,2167.197,62889.05,468349.24,10667.303,17469.588,1242093.574,142209.927,6754.614,5438.161,2379.883,40.337,220.02,466215.046,59922.447,1288950.5,1100.1,18180.986,524.381,49167.136,359.366,1404267.847,137527.4415,11078.007,2709812.395,12433231.72,8317633.835,12823.499,9904.567,7370.67,1536.473,37561.081,4290.39,1701.488,506.046,1617047.991,405918.565,84.341,12306082.79,11309.028,843.41,2581.568,9845.895,967160.249,8034.397,1917.841,1389.793,3061.945,957.087,158256.719,6232876.907,1873.837,2739.249,759.069,93130.799,4411.401,174805.89,45221.444,2841.925,66.006,34081.098,12986431.14,32390.611,119437.2935,118895.141,6153.226,26380.398,71532.169,187.017,3945.692,302252.475,261045.808,61216.898,4070.37,1913.709206,12441826.64,770.07,41521.441,101062.52,1604242.827,520.714,1269995.777,327272.416,9072.158,4976.119,31132.83,161.348,652.726,6552.929,594.054,615649.2746,616199.5795,168005.5205,66.006,1690.487,39493.59,15511.41,54781.313,1041.428,550.05,54275.267,381.368,5402500.42,3151224.877,1463.133,224574.414,2075.522,44601.721,1352176.914,965880.466,117.344,1269995.777,616199.5795,27902.203,21246.598,218523.864,3806.346,1598.812,352431.703,9595303.983,4598.418,5679222.246,123577.9,198.018,192103.129,121.011,78767.16,84.341,27014789,150.347,17304.573,404459.099,986.423,2112.192,10656.302
2004,2420.22,949.753,18793.375,4165.712,1253497.944,113240.627,157589.325,3644.998,407.037,342699.485,72210.564,32089.917,198.018,111102.766,2508.228,1103.767,37704.094,46801.921,17509.925,1723.49,15610.419,58158.62,396.036,454.708,13083.856,337826.042,1294.451,4998.121,308.028,3898.021,234.688,552349.209,737276.019,40366.336,59775.767,5288166.032,7664.03,3956.693,949.753,55071.006,99.009,330.03,6930.63,49724.52,25005.273,462.042,7334,116775.615,816802.248,407.037,113.677,50600.933,18309.331,89493.135,6301560.301,4800620.225,8770414.97,2856359.518,6849937.443,29046.307,150911.718,2758537.42,339428.521,17282.571,5295.148,4047748.277,320774.2306,67091.432,1133.103,383579.201,766.403,4686.426,539239.684,4323.393,7348.668,385.035,1342.122,322.696,201.685,5218.141,97149.831,205.352,583.053,11620.723,1628.148,13627405.34,41708.458,7367.003,99738.733,22493.378,1987.514,57458.223,13134881.38,13821841.5,683385.4098,498286.628,337635.358,181243.9654,1154320.262,43761.978,447245.655,114084.037,2244.204,59020.365,473970.751,10670.97,19240.749,1266009.748,173053.064,7623.693,5874.534,2445.889,44.004,227.354,482276.506,63534.442,1295177.066,1393.46,16798.527,616.056,50358.911,355.699,1419035.98,158008.8912,12299.118,2827315.148,13496750.94,9194779.37,13245.204,11268.691,7403.673,1727.157,43310.937,4554.414,1807.831,667.394,1748645.62,411767.43,88.008,13366611.44,11191.684,876.413,2574.234,12434.797,1026000.931,8551.444,1921.508,1536.473,3091.281,975.422,163826.892,6316260.82,1961.845,2530.23,814.074,97039.821,4426.069,176690.728,42647.21,2669.576,66.006,34554.141,13140984.19,27986.544,121947.8168,131601.296,5804.861,31895.566,74066.066,187.017,4488.408,304416.005,304862.3939,63145.74,4088.705,2172.318559,12572038.14,762.736,42944.237,96904.142,1602115.967,528.048,1340519.521,395834.315,11463.042,5232.809,28474.255,161.348,641.725,6365.912,594.054,681608.3841,682347.2466,174062.5814,73.34,1668.485,38749.189,15746.098,54520.956,1030.427,737.067,51103.312,377.701,6229117.094,3182914.8,1397.127,243188.106,2563.233,46541.564,1367006.262,1024134.428,110.01,1340519.521,682347.2466,30813.801,22299.027,225421.491,4363.73,1738.158,343396.215,10538568.09,5610.51,5763456.903,120325.271,220.02,151733.126,124.678,90549.231,58.672,28364245,161.348,18881.383,450186.589,1199.109,2145.195,9486.529
2005,2497.227,1327.454,19156.408,4253.72,1318158.155,116148.558,162110.736,4352.729,410.704,350172.831,74216.413,34337.788,154.014,108510.197,2394.551,1125.769,39478.922,47916.689,19207.746,1741.825,16204.473,59167.045,414.371,396.036,12185.441,347308.904,1353.123,5005.455,396.036,4096.039,234.688,551758.822,741152.038,41338.091,61818.286,5790016.984,7825.378,3696.336,982.756,60945.54,102.676,344.698,6868.291,48210.049,26006.364,480.377,7502.682,120108.918,797180.131,414.371,117.344,47095.281,18639.361,107127.738,6833947.844,4966841.49,9267170.601,2876714.549,6850544.519,30263.751,167207.866,2739454.352,353462.13,16754.523,5119.132,4028456.19,323709.7402,54645.634,1364.124,385170.679,722.399,4888.111,542580.321,5067.794,6992.969,399.703,1180.774,322.696,212.686,4712.095,98675.303,216.353,608.722,12570.476,1437.464,13626835.72,43871.988,7554.02,100164.105,22724.399,2075.522,58019.274,13848127.07,14553568.05,701490.8962,511366.817,341991.754,186171.1108,1222563.132,43538.291,468990.965,113522.986,2229.536,56952.177,473384.031,10498.621,21059.581,1239255.316,177328.786,8562.445,5390.49,2775.919,62.339,234.688,462922.08,71546.837,1360600.013,1404.461,16208.14,729.733,52108.07,366.7,1486568.182,162813.2283,12101.1,2926858.692,14234472.89,9787192.764,13901.597,11547.383,7506.349,1837.167,45771.494,4895.445,1741.825,601.388,1833533.003,435437.915,84.341,14096868.72,11279.692,898.415,2698.912,11598.721,1088486.611,8562.445,1822.499,1587.811,3296.633,916.75,174486.861,6347316.643,2310.21,2823.59,715.065,104689.183,4319.726,170255.143,42438.191,3083.947,62.339,34139.77,13148270.52,29893.384,132190.6004,136636.087,6838.955,37135.709,74832.469,190.684,4385.732,302538.501,314747.594,65279.934,3832.015,2405.066976,12545074.69,821.408,50956.632,96456.768,1615089.813,528.048,1416188.066,397642.146,10982.665,5812.195,30359.093,161.348,546.383,6453.92,594.054,659735.7987,660426.6488,182905.9654,77.007,1686.82,39357.911,15867.109,51561.687,1019.426,689.396,50626.602,399.703,6758272.191,3201545.381,1338.455,247467.495,2442.222,48338.394,1432344.868,1085743.695,113.677,1416188.066,660426.6488,29512.016,22662.06,237390.579,5504.167,2170.864,333876.683,11169394.23,5775.525,5795161.785,112877.594,220.02,165095.674,132.012,98143.588,58.672,29427675,168.682,20043.822,416915.898,1499.803,2288.208,10769.979
2006,2497.227,1650.15,22266.024,3898.021,1381468.91,123874.927,175436.614,4382.065,425.372,365346.877,72162.893,39167.227,187.017,107072.733,3872.352,1360.457,43541.958,48991.12,18830.045,1664.818,17564.93,62071.309,432.706,520.714,15056.702,347668.27,1371.458,4862.442,392.369,4136.376,249.356,537780.218,767224.408,41851.471,64814.225,6414463.08,6996.636,3861.351,1118.435,62940.388,113.677,374.034,7099.312,66101.342,27407.158,484.044,7788.708,122107.433,816472.218,410.704,113.677,54986.665,19783.465,101165.196,7463517.503,5239281.255,9917248.997,2986993.104,6985052.425,28859.29,178586.567,2739630.368,350037.152,16175.137,5504.167,4059167.315,312767.6092,66200.351,1360.457,375552.138,678.395,4173.046,541458.219,6149.559,9358.184,418.038,1180.774,337.364,216.353,4756.099,97285.51,231.021,627.057,12647.483,1290.784,13660446.5,42056.823,7007.637,107681.455,22742.734,2112.192,57388.55,14795857.29,15528125.99,727880.8742,525825.798,345119.705,198071.4823,1303717.509,43160.59,509562.653,98770.645,2299.209,62471.012,469346.664,11496.045,21121.92,1231495.944,192631.177,9574.537,5309.816,2999.606,69.673,234.688,470655.783,73769.039,1394343.747,1551.141,14458.981,748.068,53270.509,366.7,1541907.742,175465.2514,11976.422,3037451.767,15173995.54,10582256.94,14158.287,11349.365,8012.395,1631.815,47425.311,4994.454,1683.153,759.069,1941746.173,445291.144,91.675,15032918.87,10938.661,942.419,2574.234,12849.168,1124408.543,9394.854,1980.18,1609.813,3630.33,953.42,167702.911,6242172.752,2328.545,2720.914,693.063,98891.656,4466.406,167108.857,44257.023,2563.233,44.004,33446.707,13124757.72,39603.6,144238.09,146074.945,7370.67,34876.837,67692.82,201.685,4308.725,318940.992,300582.8935,59816.104,3986.029,2423.539072,12461096.72,825.075,63475.77,103350.728,1669262.404,528.048,1510675.655,432739.003,12013.092,4730.43,30799.133,161.348,733.4,6846.289,594.054,693645.2028,694380.2142,212933.5437,84.341,1822.499,39104.888,16252.144,49570.506,1015.759,733.4,53582.204,407.037,7386480.916,3328300.548,1221.111,255021.515,2658.575,49511.834,1485490.699,1122142.337,128.345,1510675.655,694380.2142,46431.554,22992.09,261614.781,6028.548,2537.564,326429.006,11995067.75,6648.271,5703871.82,115470.163,220.02,169514.409,143.013,102745.673,47.671,30461769,176.016,20795.557,447894.714,1595.145,2097.524,10447.283
2007,2592.569,2273.54,25151.953,3927.357,1359826.276,135627.662,175176.257,5064.127,469.376,372090.49,69724.338,30509.44,187.017,103545.079,4495.742,1646.483,44407.37,52254.75,26692.093,1690.487,17652.938,60523.835,458.375,729.733,12332.121,363212.683,1364.124,8415.765,392.369,4231.718,253.023,540889.834,766678.025,37986.453,71638.512,6791804.714,6776.616,5834.197,1213.777,62430.675,113.677,396.036,8122.405,66541.382,26794.769,583.053,8195.745,123302.875,780546.619,462.042,154.014,50256.235,21173.258,109496.62,7886878.163,5505116.753,10398708.67,3028788.401,6960373.531,31888.232,189092.522,2699311.703,358236.564,18709.034,6013.88,3997514.044,288977.9071,63985.483,1202.776,368914.868,689.396,4118.041,528425.701,6420.917,9827.56,414.371,1210.11,396.036,231.021,4796.436,98246.264,238.355,638.058,12625.481,1562.142,13735517.67,43721.641,8778.798,115349.152,23967.512,2390.884,56035.427,15475891.44,16233990.44,753420.8795,540424.125,375544.804,208968.5703,1407607.286,44638.391,560900.653,62155.65,2310.21,63072.4,462676.391,9651.544,22035.003,1252229.162,222348.545,9831.227,5672.849,3465.315,51.338,249.356,495675.724,75235.839,1425018.202,909.416,13483.559,671.061,49959.208,385.035,1581414.732,185525.7165,12354.123,3221095.398,15862172.09,11030869.2,15166.712,11019.335,8316.756,1543.807,50267.236,4679.092,1815.165,781.071,1969831.726,458866.378,99.009,15730035.39,9493.863,1008.425,2724.581,12874.837,1171727.511,12064.43,2262.539,1844.501,3689.002,938.752,184816.8,6336542.997,2361.548,2944.601,722.399,95055.974,4605.752,171490.922,45089.432,2614.571,44.004,33637.391,13246645.13,43695.972,158832.9527,158894.777,7198.321,42955.238,72170.227,209.019,6120.223,314272.901,269846.2737,60149.801,4136.376,2342.261847,12530751.39,817.741,63277.752,101627.238,1666886.188,557.384,1629325.107,387777.916,14125.284,5181.471,19926.478,176.016,641.725,6978.301,608.722,719761.2566,720403.5061,227877.3471,84.341,1888.505,36780.01,16244.81,48059.702,1063.43,641.725,66468.042,462.042,7822504.627,3366632.836,1408.128,255303.874,3234.294,56042.761,1524786.271,1169402.633,113.677,1629325.107,720403.5061,48202.715,24110.525,284658.209,5896.536,2889.596,321258.536,12508583.9,6002.879,5794923.43,115532.502,227.354,160786.949,150.347,104872.533,99.009,31125496,187.017,20971.573,467436.157,1730.824,1778.495,9886.232
2008,2508.228,4217.05,25709.337,4374.731,1491365.233,157354.637,189107.19,5559.172,480.377,385904.079,68957.935,35503.894,190.684,104443.494,4411.401,1917.841,49559.505,50740.279,29611.025,1496.136,20153.832,63105.403,385.035,649.059,13237.87,387631.236,1620.814,9119.829,421.705,4506.743,253.023,539085.67,751016.268,40403.006,71851.198,7175658.94,6776.616,5544.504,1309.119,68088.856,117.344,308.028,8129.739,65628.299,30443.434,594.054,8577.113,116698.608,780564.954,498.712,132.012,46933.933,21433.615,110299.693,8353107.352,5885711.016,10850801.55,3038294.681,6902912.357,33868.412,198586.385,2638523.844,329285.599,17491.59,6578.598,3910199.107,329233.6298,56519.471,502.379,366069.276,630.724,4165.712,520072.275,5166.803,9138.164,425.372,2189.199,410.704,227.354,4503.076,95965.39,253.023,660.06,11430.039,1558.475,13560816.67,43978.331,8672.455,121055.004,22750.068,2398.218,54843.652,16276291.2,17062708.06,781373.4708,555521.164,416560.199,221797.0731,1568379.567,42999.242,581945.566,93149.134,2119.526,68264.872,447186.983,10208.928,21349.274,1210135.669,186195.592,10241.931,7660.363,3898.021,55.005,249.356,507589.807,82731.187,1507001.321,946.086,17231.233,564.718,55459.708,396.036,1665590.858,197387.2212,12207.443,3456533.972,16700865.82,11536175.21,15009.031,10938.661,7902.385,2291.875,52900.142,4778.101,1888.505,843.41,2126566.64,474491.465,99.009,16557971.76,9402.188,1070.764,2559.566,9801.891,1248320.14,12038.761,2266.206,1936.176,3769.676,1096.433,204031.88,6162199.149,3329.636,2867.594,810.407,96148.74,4422.402,173361.092,55690.729,3421.311,44.004,34202.109,13011080.72,42705.882,165206.9152,159070.793,7374.337,41015.395,78858.835,209.019,4796.436,314848.62,308346.9177,55624.723,4451.738,1632.933338,12289712.15,843.41,64843.561,95664.696,1714978.893,542.716,1798120.784,430175.77,14913.689,5093.463,36134.618,183.35,663.727,6545.595,601.388,754973.8718,755667.6769,232621.6456,84.341,1983.847,37711.428,17355.911,49123.132,1096.433,693.063,67681.819,509.713,8281817.603,3375493.16,1683.153,255358.879,2904.264,56831.166,1604059.477,1246266.62,121.011,1798120.784,755667.6769,46636.906,24825.59,283979.814,6142.225,3190.29,311023.939,13101158.11,8283.753,5622464.42,119107.827,227.354,179114.615,161.348,117993.059,95.342,32042246,190.684,22339.364,497593.565,1829.833,2181.865,7770.373
2009,2522.896,6776.616,27792.193,4378.398,1583318.925,167959.601,179961.692,4360.063,509.713,394792.887,63039.397,31902.9,190.684,100259.447,4660.757,1932.509,53824.226,42665.545,27304.482,1642.816,20703.882,60663.181,432.706,454.708,13989.605,367147.374,1617.147,7862.048,388.702,3927.357,253.023,498957.689,682813.735,41646.119,66805.406,7618683.878,5658.181,6725.278,1705.155,72661.605,117.344,330.03,7902.385,61785.283,29897.051,561.051,8111.404,107655.786,721940.625,462.042,132.012,44510.046,20560.869,121432.705,8854540.81,6112973.341,11239425.37,2763601.025,6339301.549,35969.603,206734.459,2440062.137,288237.201,14565.324,6629.936,3598225.415,348250.2989,53149.498,1067.097,351632.297,575.719,4330.727,471400.184,5914.871,7708.034,462.042,2258.872,436.373,234.688,4620.42,91942.691,253.023,575.719,11851.744,1565.809,12815374.52,42152.165,7873.049,124600.993,21297.936,2269.873,48587.75,16653214.79,17441356.73,782795.0406,545935.626,446409.579,233058.6498,1738645.711,40377.337,591432.095,104546.17,2053.52,64469.527,401591.505,7741.037,21891.99,1103693.66,165906.081,12350.456,6791.284,4653.423,40.337,260.357,508862.256,87303.936,1469099.209,1257.781,20879.898,517.047,58660.999,385.035,1620169.916,213234.8776,13175.531,3602043.832,17104204.86,11791230.71,12519.138,10392.278,7231.324,2647.574,52482.104,4550.747,1771.161,883.747,2223217.759,450582.625,102.676,16956766.34,8698.124,806.74,2398.218,10230.93,1291700.75,13102.191,2530.23,2123.193,3696.336,1004.758,198802.738,5773541.153,3069.279,2973.937,968.088,76735.642,4495.742,169188.046,55346.031,4334.394,40.337,32386.944,12201440.12,44092.008,160908.4535,158836.105,8599.115,51704.7,77568.051,209.019,5093.463,297617.387,309661.9725,54176.258,4517.744,2286.845557,11480082.55,847.077,69221.959,81363.396,1574045.082,575.719,1976865.032,468767.278,15562.748,4583.75,37018.365,190.684,652.726,6442.919,597.721,746354.9077,747096.9099,225118.4344,91.675,2060.854,34037.094,15273.055,43065.248,1045.095,740.734,61737.612,491.378,8783690.048,3082173.096,2783.253,270419.248,2453.223,50340.576,1559725.447,1289610.56,132.012,1976865.032,747096.9099,44873.079,24788.92,277844.923,5918.538,3380.974,260136.98,13354525.99,8074.734,5274128.756,107131.405,311.695,179789.343,165.015,134916.264,121.011,31686547,198.018,24561.566,503262.747,1719.823,2526.563,8335.091
2010,2456.89,8470.77,29057.308,4598.418,1649918.979,160812.618,187919.082,4217.05,524.381,372798.221,67832.166,30678.122,212.686,107751.128,5089.796,1961.845,59992.12,44117.677,29137.982,2464.224,21275.934,62658.029,539.049,572.052,15203.382,419754.156,1477.801,8203.079,487.711,4796.436,264.024,492588.11,713224.166,38994.878,72250.901,8767877.674,6164.227,6780.283,1925.175,76163.59,128.345,480.377,7568.688,65800.648,38375.155,564.718,7708.034,111579.476,758537.285,517.047,139.346,46640.573,21649.968,119177.5,10054335.27,6185381.923,12570254.78,3015375.983,6700764.613,38074.461,202715.427,2491106.777,270910.626,18107.646,6585.932,3705287.147,363037.2684,61909.961,1598.812,352769.067,630.724,4536.079,493607.536,5555.505,9955.905,465.709,2603.57,473.043,238.355,4679.092,83490.256,260.357,663.727,11664.727,1719.823,13255612.67,40758.705,7975.725,138553.928,20443.525,2126.86,50215.898,18163967.45,19016332.01,846450.1914,587779.763,428760.308,254623.6111,1719690.988,40241.658,605216.348,112195.532,1961.845,68880.928,405361.181,7256.993,21180.592,1171841.188,246620.418,12174.44,6384.247,5012.789,62.339,260.357,566716.515,89625.147,1556615.831,1639.149,20054.823,795.739,61348.91,403.37,1716546.128,233426.6562,13688.911,3671506.493,18659024.14,13285052.4,13468.891,10967.997,8074.734,1983.847,55958.42,4932.115,1958.178,898.415,2307624.765,445162.799,102.676,18504415.49,8602.782,964.421,2526.563,12515.471,1313097.695,24660.575,2735.582,2236.87,3916.356,1191.775,218476.193,5902029.166,3098.615,3542.322,1173.44,92016.031,4536.079,181648.512,60113.131,5056.793,44.004,31778.222,12567692.75,50373.579,172325.5512,161395.671,9163.833,57593.902,84920.386,216.353,4664.424,316264.082,344555.5029,48136.709,5097.13,2804.064262,11858703.97,858.078,72617.601,79287.874,1675026.928,590.387,1969681.379,520552.652,15940.449,7744.704,43945.328,194.351,726.066,6351.244,612.389,747062.0478,747752.2126,241075.1897,99.009,2625.572,36240.961,15423.402,52023.729,1037.761,689.396,61605.6,517.047,9987537.054,3351689.305,2610.904,288589.233,2544.898,57289.541,1645566.25,1311062.51,117.344,1969681.379,747752.2126,47909.355,27660.181,298002.422,7106.646,3920.023,304643.359,14832320.13,6380.58,5408869.004,104168.469,220.02,189070.52,172.349,147340.06,121.011,33505379,205.352,23432.13,474099.096,1991.181,2709.913,9266.509
2011,2438.555,12251.447,30340.758,5240.143,1652929.586,159584.173,191633.753,4917.447,513.38,376710.91,65257.932,33446.707,242.022,98917.325,5306.149,2211.201,63571.112,49343.152,29365.336,1906.84,23886.838,63655.453,597.721,396.036,16145.801,439412.943,1529.139,9695.548,733.4,4400.4,278.692,497329.541,715354.693,36967.027,79243.87,9724590.64,6398.915,5768.191,2233.203,76530.29,150.347,531.715,7741.037,64377.852,35987.938,594.054,7425.675,106907.718,732120.217,473.043,128.345,40645.028,22082.674,121187.016,11161623.18,6500369.889,13721934.37,3165775.114,6683789.534,39640.27,217163.407,2399882.818,270547.593,18606.358,7726.369,3566139.165,364588.0324,56636.815,1591.478,331537.137,568.385,4470.073,447935.051,6882.959,9831.227,454.708,2779.586,436.373,245.689,6769.282,80725.338,253.023,707.731,11837.076,1782.162,13034416.85,43794.981,8954.814,149796.95,20058.49,2218.535,47762.675,19604768.42,20510766.78,899456.5592,624295.749,573379.454,270867.7873,1846763.539,35826.59,619165.616,133929.841,1881.171,69130.284,397994.178,7722.702,21668.303,1191056.268,259121.221,13457.89,7656.696,5207.14,62.339,267.691,589400.577,91029.608,1587612.982,1624.481,20450.859,894.748,39390.914,407.037,1754981.237,248987.1904,15232.718,3977384.575,20125236.11,14411548.45,13787.92,10938.661,7300.997,2357.881,57685.577,5038.458,2313.877,953.42,2324966.008,466779.764,102.676,19976040.7,9387.52,1045.095,2519.229,14297.633,1335957.773,27583.174,3223.293,2394.551,3920.023,1188.108,220405.035,5803005.498,2823.59,3648.665,1327.454,96093.735,4880.777,172400.338,45195.775,5533.503,40.337,31503.197,12399450.79,56215.11,183573.0698,162008.06,10098.918,49632.845,85584.113,223.687,5229.142,316997.482,383264.1781,47623.329,5320.817,2837.314036,11630524.89,832.409,80435.645,84872.715,1768073.386,663.727,2107047.199,500728.85,15658.09,8368.094,38327.484,198.018,898.415,6648.271,575.719,763566.9199,764164.3983,250917.3989,102.676,2170.864,34524.805,15192.381,51734.036,1048.762,597.721,56908.173,539.049,11113261.8,3502388.278,2409.219,290342.059,2350.547,62592.023,1686313.954,1333709.902,102.676,2107047.199,764164.3983,46900.93,26021.032,320840.498,8093.069,4264.721,286444.038,15998040.49,7763.039,5305279.921,113684.334,198.018,178806.587,176.016,161887.049,132.012,34865836,234.688,19666.121,475037.848,2467.891,2933.6,11628.057
2012,1301.785,20454.526,33399.036,4712.095,1794538.125,172356.334,192359.819,5694.851,524.381,375456.796,62247.325,35555.232,282.359,92195.714,5511.501,2629.239,67480.134,44873.079,29086.644,1917.841,22258.69,63222.747,480.377,443.707,18793.375,470028.726,1470.467,9651.544,817.741,4448.071,293.36,481601.778,676488.16,37740.764,80974.694,10020744.89,8390.096,6127.557,2383.55,79874.594,146.68,495.045,7766.706,62940.388,36156.62,542.716,6919.629,101036.851,739300.203,517.047,135.679,36405.976,22746.401,129987.816,11504648.43,6875790.015,14104747.92,3232043.48,6684872.737,40472.679,217068.065,2347342.042,264779.402,17623.602,8562.445,3488270.42,394897.7354,48826.105,1595.145,332956.266,590.387,4580.083,467197.802,7356.002,11877.413,462.042,2581.568,473.043,253.023,5830.53,79969.936,271.358,568.385,11972.755,1994.848,12914776.85,43446.616,8984.15,168322.634,18162.651,2317.544,44521.047,20300409.32,21240652.08,933492.5786,637694.967,599539.832,291594.8001,2018503.817,35720.247,643862.861,153012.909,1870.17,75529.199,369446.583,7326.666,24858.593,1229574.436,244720.912,12515.471,10120.92,5456.496,62.339,278.692,584079.76,101146.861,1666061.113,2159.863,22640.058,1030.427,52397.763,407.037,1834527.434,265114.5112,16226.475,4205210.351,20873938.85,14837286.29,13831.924,10663.636,7062.642,2273.54,62724.035,4924.781,2665.909,1078.098,2498495.782,480883.046,102.676,20710253.97,8962.148,993.757,2665.909,12933.509,1398384.781,32727.975,3120.617,2654.908,4070.37,1129.436,218707.214,5597851.516,3373.64,3630.33,1866.503,99636.057,4675.425,169378.73,49889.535,5845.198,40.337,34506.47,12197567.77,59203.715,195937.5986,163060.489,10084.25,54520.956,91319.301,223.687,4979.786,299960.6,420368.0408,46061.187,5207.14,2933.368938,11434905.11,814.074,94124.556,81722.762,1835608.525,737.067,2293466.478,565997.783,14660.666,7913.386,54627.299,198.018,1030.427,7198.321,638.058,775277.3081,775982.0606,261923.582,113.677,2508.228,32764.645,14928.357,47047.61,1206.443,704.064,43820.65,542.716,11455299.71,3549669.052,2163.53,305222.745,3054.611,64993.908,1765748.508,1396184.581,179.683,2293466.478,775982.0606,45371.791,27003.788,329560.624,9545.201,4085.038,295772.886,16504523.23,8694.457,5115806.031,115814.861,253.023,198641.39,176.016,158231.05,113.677,35463557,253.023,18290.996,472071.245,2559.566,3479.983,12933.509
