Year,Aruba,Andorra,Afghanistan,Angola,Albania,Arab World,United Arab Emirates,Argentina,Armenia,American Samoa,Antigua and Barbuda,Australia,Austria,Azerbaijan,Burundi,Belgium,Benin,Burkina Faso,Bangladesh,Bulgaria,Bahrain,"Bahamas, The",Bosnia and Herzegovina,Belarus,Belize,Bermuda,Bolivia,Brazil,Barbados,Brunei Darussalam,Bhutan,Botswana,Central African Republic,Canada,Central Europe and the Baltics,Switzerland,Channel Islands,Chile,China,Cote d'Ivoire,Cameroon,"Congo, Rep.",Colombia,Comoros,Cabo Verde,Costa Rica,Caribbean small states,Cuba,Curacao,Cayman Islands,Cyprus,Czech Republic,Germany,Djibouti,Dominica,Denmark,Dominican Republic,Algeria,East Asia & Pacific (excluding high income),Early-demographic dividend,East Asia & Pacific,Europe & Central Asia (excluding high income),Europe & Central Asia,Ecuador,"Egypt, Arab Rep.",Euro area,Eritrea,Spain,Estonia,Ethiopia,European Union,Fragile and conflict affected situations,Finland,Fiji,France,Faroe Islands,"Micronesia, Fed. Sts.",Gabon,United Kingdom,Georgia,Ghana,Gibraltar,Guinea,"Gambia, The",Guinea-Bissau,Equatorial Guinea,Greece,Grenada,Greenland,Guatemala,Guam,Guyana,High income,"Hong Kong SAR, China",Honduras,Heavily indebted poor countries (HIPC),Croatia,Haiti,Hungary,IBRD only,IDA & IBRD total,IDA total,IDA blend,Indonesia,IDA only,Isle of Man,India,Not classified,Ireland,"Iran, Islamic Rep.",Iraq,Iceland,Israel,Italy,Jamaica,Jordan,Japan,Kazakhstan,Kenya,Kyrgyz Republic,Cambodia,Kiribati,St. Kitts and Nevis,"Korea, Rep.",Kosovo,Kuwait,Latin America & Caribbean (excluding high income),Lao PDR,Lebanon,Liberia,Libya,St. Lucia,Latin America & Caribbean,Least developed countries: UN classification,Low income,Liechtenstein,Sri Lanka,Lower middle income,Low & middle income,Lesotho,Late-demographic dividend,Lithuania,Luxembourg,Latvia,"Macao SAR, China",St. Martin (French part),Morocco,Monaco,Moldova,Madagascar,Maldives,Middle East & North Africa,Mexico,Marshall Islands,Middle income,"Macedonia, FYR",Mali,Malta,Myanmar,Middle East & North Africa (excluding high income),Montenegro,Mongolia,Northern Mariana Islands,Mozambique,Mauritania,Mauritius,Malawi,Malaysia,North America,Namibia,New Caledonia,Niger,Nigeria,Nicaragua,Netherlands,Norway,Nepal,Nauru,New Zealand,OECD members,Oman,Other small states,Pakistan,Panama,Peru,Philippines,Palau,Papua New Guinea,Poland,Pre-demographic dividend,Puerto Rico,"Korea, Dem. People?s Rep.",Portugal,Paraguay,Pacific island small states,Post-demographic dividend,French Polynesia,Qatar,Romania,Russian Federation,Rwanda,South Asia,Saudi Arabia,Sudan,Senegal,Singapore,Solomon Islands,Sierra Leone,El Salvador,San Marino,Somalia,Serbia,Sub-Saharan Africa (excluding high income),South Sudan,Sub-Saharan Africa,Small states,Sao Tome and Principe,Suriname,Slovak Republic,Slovenia,Sweden,Swaziland,Sint Maarten (Dutch part),Seychelles,Syrian Arab Republic,Turks and Caicos Islands,Chad,East Asia & Pacific (IDA & IBRD countries),Europe & Central Asia (IDA & IBRD countries),Togo,Thailand,Tajikistan,Turkmenistan,Latin America & the Caribbean (IDA & IBRD countries),Middle East & North Africa (IDA & IBRD countries),Timor-Leste,Tonga,South Asia (IDA & IBRD),Sub-Saharan Africa (IDA & IBRD countries),Trinidad and Tobago,Tunisia,Turkey,Tuvalu,Tanzania,Uganda,Ukraine,Upper middle income,Uruguay,United States,Uzbekistan,St. Vincent and the Grenadines,"Venezuela, RB",British Virgin Islands,Virgin Islands (U.S.),Vietnam,Vanuatu,West Bank and Gaza,World,Samoa,"Yemen, Rep.",South Africa,"Congo, Dem. Rep.",Zambia,Zimbabwe
1970,10.2469,,10202,23376.6,1763.64,220969.231,12873,84917.8,1317.98,6.12116,24.3148,94290.8,9022.21,6397.68,1468.92,14123.1,3460.96,4613.42,91304.9,9939.9,791.432,93.6182,3173.7,12125.1,96.4889,19.9698,16508.6,207737,100.037,1614.81,698.411,5232.4,28889.6,67295.5,187669.71,4878.4,,10912.9,781088,7803.2,8286.23,6677.41,36921,142.057,45.8144,2598.51,5858.0756,13600.2,,12.2052,340.552,17963.3,126692,148.642,16.2738,7692.19,3786.76,12857.3,1218588.711,1399068.966,1473797.705,623639.24,1272595.155,6620.78,20777.6,370604.73,1796.57,26508.8,2208.43,32686.9,679314.09,392849.5578,9972.17,416.296,82882.3,30.1762,16.6181,876.139,120054,3492.82,5230.4,3.36314,7147.71,494.789,542.102,75.8031,5871.84,25.4355,17.8173,3216.8,30.0712,2066.49,1672412.019,704.285,2551.85,442941.7394,2985.57,2955.91,10394.5,2848490.116,3720686.427,872196.3112,224282.049,126665,647914.2622,,398212,,10169.6,52012.9,19681.9,308.49,1301.06,40488.2,821.253,361.816,101804,68238.3,12008.8,4561.13,20086.5,4.66001,26.2911,25948.7,,21910.4,514002.9245,6975.78,545.394,493.168,29695.2,27.6319,542609.9227,630607.4497,361871.486,,11338,1207509.416,3622046.725,1129.56,1869742.554,4583.84,714.056,3322.72,48.8704,,8486.35,,2068.17,15194.1,13.1008,229788.426,60999.1,2.43945,3260175.239,2033.32,8280.67,97.592,75254.3,151727.682,,6734.56,2.48022,12793.1,3156.65,168.887,3189.38,14316.7,661570.4698,4004.26,180.488,5184.91,35196.4,4007,20203.6,6865.77,17364.4,1.09907,25053.8,1655644.656,4571.47,25068.34051,56503,2324.03,13704.3,43210.7,0.596744,947.533,97173.7,466366.4841,1277.47,15006.5,6730.67,10145,2298.160764,1554278.158,40.6673,4775.99,32424.7,338496,1301.73,585635.8118,31739.8,31752.1,4605.16,658.143,1631.18,2554.35,2238.92,,9541.55,,528452.3559,,528461.2537,33224.57687,17.4334,941.366,4574.45,2098.6,10081.5,921.193,,8.89781,2425.01,1.39518,8043.48,1203577.189,723798.51,2056.17,71443.5,2814.4,10820.8,527485.9804,151727.682,411.555,32.1751,585635.8118,528461.2537,1595.85,2530.9,32789.2,1.56519,25217.6,8564.57,74351.6,2052665.823,14523.9,594255,16830.8,23.0254,35151.4,12.5746,16.1952,54144.9,128.364,,5305820,63.1671,2204.67,32269.9,119583,33880.5,8496.71
1971,10.4531,,10201.5,14500,1717.47,229758.136,15994.8,84729.1,1384.62,6.165,26.4249,93855.2,8936.1,6584.08,1458.38,13728.7,3378.42,4602.1,86454.8,10259.6,793.261,99.2579,3202.11,12728.7,108.077,20.3561,11349.2,181227,99.6235,1276.48,708.691,3235.56,27465.9,68154,192661.11,4749.41,,11364.8,813814,7554.85,8197.01,4170.6,36570,142.849,45.0365,2675.06,5333.0993,12188,,12.5119,345.815,18130.6,126062,155.165,17.1469,7555.14,4018.51,14377.5,1215594.098,1358570.712,1460523.383,634418.99,1283941.694,6037.87,20622.6,367594.398,1810.77,25897.9,2283.82,32675.7,681184.328,293569.9223,9883.27,407.265,81631,29.6537,17.9472,893.196,120807,3625.43,5187.34,3.41448,6991.35,500.536,539.584,76.8138,5871.67,25.281,18.463,3466.04,28.8934,1709.41,1660201.512,724.166,2655.29,325829.717,3015.48,3029.29,10612.2,2846851.808,3577292.922,730441.1142,220769.0176,119293,509672.0966,,401434,,10380.1,55205.6,21872.3,304.208,1318.23,39242.4,825.87,383.748,93274.2,68300.8,12246.5,4717.82,16193.4,5.0505,25.4309,25762,,23068.7,476381.6721,5617.9,558.363,509.303,23578.6,27.6835,505250.5237,483753.5971,271445.732,,11068.3,1155520.069,3473597.187,1043.97,1886403.394,4799.64,715.81,3462.19,50.3535,,8636.64,,2154.23,12546.4,13.5029,242013.6,61467,2.50377,3202151.455,1975.95,8340.11,101.823,55602.1,152809.676,,6466.36,2.55098,7298,3075.91,172.582,2325.73,11913,647667.3561,3544.3,181.12,5285.01,41244.2,3787.63,20759.1,6802.75,17653.1,1.14297,24141.5,1632780.968,4578.67,23261.60832,56482.2,2436.43,13315.1,44286.6,0.622194,834.958,100067,354487.5328,1294.69,14526.1,6670.58,8333.36,2277.220834,1529227.695,41.5339,5702.04,33208.1,344005,1296.13,584016.0939,37646.4,31609.4,4626.57,652.114,1605.38,2605.8,2137.06,,9542.03,,410376.6573,,410386.0484,30871.92845,17.545,761.689,4673.26,2149.22,9934.81,929.902,,9.39112,2388.52,1.40212,8021.39,1201062.976,737501.47,1998.31,71030,2933.08,10985.6,491516.6579,152809.676,425.537,31.398,584016.0939,410386.0484,1584.13,2679.67,32640.8,1.5628,16772.3,8582.97,76560.1,2046631.387,14322.2,579493,17435.5,23.0747,33461.5,10.8639,17.0634,53308.9,140.77,,5145430,63.5784,2350.97,31853.4,49226.3,14742.8,7493.8
1972,10.657,,9170.59,15590,1737.08,242967.361,17430.9,88496,1440.48,6.23502,26.207,106378,8915.63,6796.62,1516.03,13629,3381.77,4405.45,88057.2,10689.5,815.001,103.132,3222.75,13175.8,112.541,21.05,15052.3,202311,99.3967,1733.59,718.171,3725.3,26787.2,66036.9,197836.66,4821.68,,12268.3,825771,7486.68,7986.47,4471.89,38180.4,144.724,47.2747,2774.89,5362.0039,11819.9,,12.8929,356.637,18186.7,123793,159.981,18.046,7773.13,4060.01,19904.8,1311789.237,1472206.343,1566962.393,670037.46,1319137.514,6344.84,20403.8,367922.715,1784.92,26636.8,2365.97,32241.9,681663.045,302488.0629,9967.34,410.592,81040.2,30.158,19.4572,974.409,115968,3764.91,5279.6,3.42077,6909.24,486.46,549.342,77.196,6037.88,24.1249,19.202,3661.66,30.3225,1636,1689927.642,744.975,2699.14,337683.9726,3074.1,3122.43,10144.5,3008451.232,3767756.689,759305.4565,233474.7526,195338,525830.7039,,401638,,10425.2,60712.9,20514.1,322.513,1363.41,39690.2,830.272,402.791,89309.2,74529.5,12548.5,5041.41,13559.2,5.37733,25.2843,25835.8,,23216,507776.9439,6196.01,573.474,525.946,18943.4,27.5385,537934.61,500294.1356,277773.912,,10525.2,1256447.109,3658957.516,1025.17,1961041.779,4945.25,726.393,3560.22,51.4655,,8406.4,,2235.16,12994,13.9541,260761.942,61657.3,2.5617,3381183.604,1906.05,7574.38,101.445,63779.7,157564.116,,6697.64,2.61866,7789.03,2829.11,177.2,2525.02,13715.7,652288.95,3650.68,174.599,5393.95,46790,3817.38,21965.7,7047.88,17303.7,1.18577,25147.1,1648136.996,4567.15,25629.61704,56999.7,2512.8,12917.2,43447.5,0.648717,2177.42,103876,368489.174,1316.96,14919.2,6788.33,9521.6,2303.901727,1541947.473,41.8183,6747.02,34016.9,366735,1309.59,584426.5151,48956.9,31687.2,4386.1,697.571,1624.59,2574.52,2204.75,,9722.14,,427363.2443,,427373.2349,33295.52267,17.4706,812.729,4810.07,2167.45,10011.5,948.902,,9.99064,2411.92,1.3937,8281.84,1296864.988,776987.56,1982.32,69003.8,3024.7,11381.9,524540.2752,157564.116,461.216,31.4919,584426.5151,427373.2349,1623.34,2792.33,33238.7,1.55971,17704,8742.54,79049.8,2124736.495,14640.1,586231,18051.2,23.3925,33138.7,11.7522,18.2503,54413.9,142.332,,5360610,64.1054,2338.22,32150.2,56073.3,16642,7472.28
1973,10.8551,,9403.54,16651.7,1794.07,270507.397,22124.5,90791.3,1485.25,6.32936,26.476,97724.1,9092.98,7016.63,1545.3,13962.1,3723.05,4330.75,88622.8,11019.7,958.755,107.454,3259.47,13543.1,115.247,21.836,12661,193144,103.435,2611.12,731.495,4015.6,30480.2,67343.5,204673.44,5060.67,,12264.6,826991,8251.49,8591.02,5250.01,38096.9,147.313,45.9685,3053.13,5490.9039,12364.4,,13.3732,365.062,18136,123653,163.773,18.9914,7933.7,4162.09,24846.1,1289871.706,1481379.638,1536218.315,675592.88,1339425.117,6577.43,19836.8,371431.019,1814.46,25991,2421.3,33044.6,697536.859,339859.7383,10030.6,417.714,80800.2,30.1951,18.2786,2131.75,121539,3851.98,5558.44,3.5062,7545.8,483.397,583.198,77.9551,6392.13,24.7002,17.2912,3647.2,31.7915,1626.88,1719968.166,769.781,2733.96,355836.4157,3175.84,3119.78,10522.2,2993067.537,3802105.946,809038.4091,242446.1815,136928,566592.2276,,408086,,10921.3,68925.7,22845,339.43,1407.83,40754.4,836.246,438.787,87821.7,70382.9,12760.3,4921.7,10701.7,5.6776,24.9209,26653,,19964,500343.028,7426.45,578.109,550.119,18273.6,27.7376,531346.1189,540735.6211,293006.967,,10781.9,1245387.342,3689420.75,1013.6,1975475.13,5075.79,757.852,3658.48,52.6127,,8427.35,,2304,13479.3,14.4535,293913.109,62045.7,2.61839,3396413.783,1863.4,7462.75,103.685,85539.1,171816.589,,7350.25,2.68283,8434.56,2773.45,177.617,2589.56,16372.2,656679.336,3753.5,185.199,3806.71,52876,3973.13,23320.5,7087.37,18047.5,1.22361,24677.5,1658344.482,4611.12,29088.3044,58194.6,2545.98,12723.4,46960.5,0.675492,1193.11,108347,397434.3091,1340.67,15873,6933.21,8921.37,2364.373522,1549896.961,42.0689,7483.03,35119.7,369515,1346.54,593882.2885,65443.6,34499,4329.59,747.549,1659.54,2645.33,2093.93,,9611.74,,457914.2583,,457924.6329,36943.58182,18.0487,809.029,4940.12,2257.31,10312.7,968.562,,10.3746,2338.2,1.39005,8186.09,1273993.601,787115.72,2087.76,75653.5,3094.58,12050,517373.1149,171816.589,469.317,34.7612,593882.2885,457924.6329,1745.89,2867.54,33928,1.55473,18523.7,9196.55,81584.4,2151026.442,15332.6,589314,18859,23.8968,34205.6,11.9621,19.4645,56044.1,157.343,,5421500,64.9869,2275.63,33393,62884.2,18544.1,7730.58
1974,11.0415,,9987.93,15008.3,1815.36,258537.154,22447.2,91811.9,1541.25,6.45378,25.5003,102739,9242.43,7342,1565.52,14215.9,2893.84,4135.98,87762.2,11132.3,1071.19,103.173,3470.38,14010.5,127.784,20.9776,14135.5,206837,101.21,2587.87,744.099,3837.64,19560,66484.9,211302.99,5139.58,,12218.7,830833,6276.09,6852.3,5067.27,39796.1,150.176,45.1301,3097.96,5938.0434,12267.6,,13.7552,344.135,18286.8,124958,173.233,19.8922,8031.41,4622.75,21588.9,1235533.665,1444057.568,1487481.49,692952.57,1364389.351,6776.46,20781.7,376315.344,1791.44,25664,2489.17,31293.7,705707.964,272887.743,9998.34,437.426,81091,30.2513,17.3017,2283.72,118600,3950.03,4992.67,3.5324,6327.76,472.675,600.099,79.0276,6819.69,24.1327,17.8602,3572.63,32.4329,1890.27,1730859.892,797.98,2976.65,311553.8441,3347.41,3117.32,11160.3,3013892.767,3754304.869,740412.1018,251651.631,122570,488760.4708,,411441,,11525.9,69785.2,23235.9,346.369,1386.07,40895.8,846.131,435.242,86881,69539.5,12977.7,4992.31,8055.74,5.90573,25.1462,27919.9,,15524.9,523980.1839,5537.61,583.013,544,13366,27.5037,555924.8577,462585.1896,258416.59,,11934.1,1202649.62,3635618.706,1034.61,1999571.835,5213.62,794.763,3767.38,53.3593,,8272.1,,2377.89,13276.2,14.9795,286965.694,66666.9,2.68643,3377202.116,1859.86,6489.81,104.286,56291,166148.858,,6610.4,2.74999,7442.3,2405.17,174.195,2488.62,12483,654702.8776,3982.46,172.292,3828.94,59247.8,4286.67,25014.4,7137.81,18232.9,1.26092,24965.2,1674655.842,4738.31,28397.6738,60133.4,2611.21,13083.3,46152.3,0.701368,939.646,112772,358531.6006,1334.64,15518,6752.52,9490.18,2294.143468,1559121.368,42.2605,6395.48,35710,380300,1322.46,600250.6085,69149.4,30622.1,4233.23,734.819,1558,2495.13,2176.64,,9669.57,,416752.8198,,416763.7193,36629.86067,18.1641,820.867,5031.35,2392.66,10352.4,975.633,,10.8995,2525.56,1.3604,6281.04,1220010.472,809071.98,1748.58,71450.7,3193.29,13026,542059.2304,166148.858,462.433,36.5141,600250.6085,416763.7193,1902.4,3004.74,34717.2,1.54712,17188.1,8618.27,84127.6,2174552.496,16174.9,588197,19847.1,24.0333,32872.8,12.188,20.6592,56330.5,164.89,,5379140,67.9101,2397.27,34374.5,49570.4,14937.9,7572.6
1975,11.2194,,10476.6,17061.4,1864.83,254533.196,22133.1,93881,1587.12,6.57608,25.4343,107139,9225.31,7682.02,1601.2,13980.4,3191.05,4289.1,90812.2,11700.7,1021.28,106.266,3350.17,14487.2,131.281,21.548,16353.3,222650,94.5442,2867.56,748.386,4595.57,22510.2,64755.4,217922.55,5125.49,,12678.3,854612,6981.66,7544.52,5372.71,41515.7,152.877,45.1332,3190.4,6307.8099,12109.8,,14.2026,252.722,18730.6,124222,186.887,20.9309,7998.71,4934.42,19911.9,1263797.55,1450676.786,1519492.547,716084.97,1396525.801,7028.11,20993.1,377345.389,1754.83,25323.4,2535.43,30902.6,715872.989,303747.8024,9400.54,460.217,82850.4,30.1776,16.3163,2645.96,121882,4032.02,5253.06,3.61845,6694.09,490.02,720.948,80.6726,6932.48,23.7317,18.1127,3679.28,34.1441,2134.84,1736344.806,821.258,3044.4,351700.8457,3487.69,3127.88,10801.8,3100963.591,3878533.125,777569.5336,245660.2982,121065,531909.2354,,420853,,11529.1,63628.9,24783.7,349.695,1547.77,40690.6,855.553,438.272,85160.7,70525.5,13207.6,5104.88,9372.55,6.25382,25.2154,28404.4,,12416.5,549011.2,5468.69,565.36,545.626,14640.1,27.7703,582454.1162,505878.1471,288233.151,,10165,1220509.836,3753875.352,1075.26,2073528.101,5345.38,803.405,3862.3,53.8737,,8345.24,,2438.62,13935.2,15.5913,274040.841,69887.9,2.7503,3465642.201,1826.89,7103.9,108.442,57143.3,161928.089,,7055.02,2.81669,8840.08,2469.99,164.984,2825.46,12807.5,654641.948,3069.86,178.619,4102.68,50227.6,4460.14,25763.4,7275.39,18596.7,1.28779,25099.3,1691033.8,14360.8,28358.2426,62209.3,2654.64,13019.2,45269.2,0.725491,968.868,117301,390852.8816,1352.34,15855.9,6787.93,10480.1,2474.605641,1569804.654,43.5606,5757.76,36425.5,395119,1352.83,613876.7773,54767.1,32881.6,4382.31,712.597,1700.73,2571.7,2237.24,,10273,,449176.7655,,449188.1273,37140.65814,18.6147,902.457,5198.74,2533.41,10199.6,1004.5,,11.3618,2849.41,1.32297,6690.7,1247936.362,836873.66,1886.03,77514.6,3278.22,14108.1,568730.1097,161928.089,438.728,41.0366,613876.7773,449188.1273,1935.56,3128.94,35192.9,1.53594,19579,9058.3,86556.9,2245132.365,17164.2,589865,20804.4,24.2261,30636.9,12.4187,21.8926,53746.3,172.358,,5503270,71.3944,2456.28,35700.4,66528.2,19599.6,8194.14
1976,11.5069,,10535.6,15036.7,1943.17,285842.253,26644.6,97258.4,1590.73,6.67545,25.0089,114340,9256.6,7925.1,1603.62,13888.2,3335.67,4417.34,88206.1,12117.2,1079.05,103.646,3319.17,14658.3,126.443,21.0867,19290.7,248660,94.7256,3500.47,757.762,4538.56,24017.8,67771.7,222892.55,5208.18,,13107,861785,7352.1,7988.62,4959.69,43123.9,159.371,46.6151,3219.14,6261.1471,12059.3,,14.6307,262.615,18950.7,124404,193.07,21.8781,8078.4,5298.7,24080.3,1298208.092,1517991.783,1562340.896,741362.89,1429835.362,7224.9,21592.5,382060.15,1755.5,25559.2,2552.23,31087.9,724891.54,301253.4857,9491.59,455.156,85288.4,30.9317,11.0427,2748.79,121244,4052.83,5376.87,3.63696,6861.51,500.263,792.422,82.3919,6974.06,24.9455,18.4659,3376.64,34.0384,1889.43,1774096.334,852.228,3001.62,342843.4327,3525.69,3167.3,10846.4,3213806.615,3989010.239,775203.6234,259386.956,147762,515816.6674,,421451,,11341.8,70029.7,28241.6,347.244,1318.59,42059.1,865.854,413.107,85699.7,72988.8,13185.3,5148.38,9186.63,6.70277,26.9157,27857.4,,12085.8,588690.3609,4769.28,548.475,552.426,17202.7,28.2658,621694.1223,487426.9707,278760.662,,10546.1,1256418.859,3862226.302,1055.71,2140802.8,5376.2,817.708,3879.87,54.1588,,8361.05,,2466.36,13564.8,16.046,310465.529,72115.7,2.80693,3583465.64,1755.44,7220.16,116.387,56312.7,179339.582,,7140.94,2.88242,7841.81,2590.23,173.279,2770.7,13050.9,657349.7867,2977.71,176.699,4380.84,54857.9,4504.46,26345.4,7678.16,18728.8,1.29523,25361.9,1712590.622,15793,29099.2576,63556.2,2688.78,13533.7,43847.6,0.735806,1436.28,120392,384964.6619,1394.47,16428.5,6666.63,12008.8,2454.133716,1586907.103,44.6056,5753.32,37472.1,411531,1344.85,613797.608,68335.2,33791.5,4459.33,737.897,1677.24,2660.07,2349.11,,10300.3,,440827.7687,,440839.3316,37814.53842,19.2807,981.111,5245.35,2534.81,10204.9,1015.36,,11.5629,3218.31,1.31604,6981.24,1281774.212,865280.58,1957.24,76899.6,3302.51,15282.3,607978.9255,179339.582,399.748,44.9521,613797.608,440839.3316,2048.54,3105.76,36206.7,1.60628,18796.7,9402.37,87886.7,2327046.78,16140.4,589557,21716.1,24.3835,31846.9,12.6125,22.9891,56729.4,179.577,,5649430,73.0189,2353.01,36502.3,54983.4,16628.4,8152.83
1977,11.6718,,10455.9,17437,2002.1,287198.892,25239.9,99683.6,1582.01,6.83219,26.1641,110996,9379.33,8129.77,1613.04,13986.8,3905,4638.97,88930.3,12384.8,1207.62,114.557,3323.15,14830,134.226,22.8596,14982.3,230474,98.1512,3972.31,771.206,5170.34,31451.7,65172.8,228589.21,5313.35,,12385.8,871602,8838.9,9451.52,5144.37,42801.1,162.331,47.8873,3292.59,6347.9807,11978.1,,15.4674,281.375,19714.1,123449,218.983,22.9269,8157.62,5302.72,25792.7,1401448.096,1619406.222,1663852.024,754568.75,1451594.281,7146.96,21185.7,387337.97,1785.92,26291.5,2580.52,32605.2,734589.5,349039.1705,9491.74,474.29,88464.6,31.0588,13.6122,2735.11,120231,4049.71,6142.92,3.70498,7691.88,522.147,788.891,84.3145,6938.02,26.0084,17.9988,3620.77,35.8448,1977.68,1770448.883,888.196,3140.44,381507.538,3578.21,3226.6,11163.9,3299267.448,4140434.17,841166.7223,261762.6505,208874,579404.0718,,429250,,11588.3,67947.9,25685.6,352.318,1353.35,42875.6,860.467,442.409,85622.1,71435.1,13482.9,5117.43,9531.61,6.99489,27.6522,28568.8,,10779.8,567877.9762,6267.75,558.209,629.278,17626,29.3882,600258.0847,550454.9122,312488.737,,11667.7,1359806.856,4012710.19,980.293,2152606.93,5468.72,838.045,3912.64,54.0095,,8306.53,,2470.56,14581.7,16.5835,306169.001,72773.4,2.87061,3700221.453,1702.97,7671.49,120.84,75424,176758.961,,7598.8,2.94498,8998.89,2696.55,176.044,2915.79,15709.8,649217.6596,3469.22,173.284,4683.81,51712.5,4665.84,26534.6,7941.54,18930.5,1.30862,25742.4,1711210.913,15633.4,30089.4436,66228.3,2674.97,13181.5,43652.7,0.743866,2474.25,123078,422129.8535,1430.8,17631.4,7146.32,10727.9,2589.810806,1583322.404,45.7915,5014.63,38718.3,420972,1381.66,626250.4895,70060.5,36701.3,4616.51,799.168,1791.06,2815.97,2559.49,,10891.8,,485805.9168,,485817.5341,39027.23511,19.611,852.442,5413.99,2576.03,10225.6,1023,,11.6173,3409.03,1.32738,7975.76,1383811.173,881224.96,2226.86,81201.2,3309.75,16257.1,586571.0525,176758.961,362.252,49.6965,626250.4895,485817.5341,2153.66,3205.95,36929.8,1.69382,20622.7,9959.71,88930.1,2340414.597,16077.9,584022,22424.1,24.6577,31717.9,12.8923,24.0651,58523,173.437,,5796380,74.1033,2379.95,37856.4,68535.2,20391.4,8572.13
1978,12.2338,,10380.1,18279.2,2113.28,284707.252,28053.7,96972.3,1575.56,6.8685,27.7674,99816.3,9412.63,8380.82,1638.31,13757.1,3344.62,4609.52,91214.2,12717.1,1235,107.247,3397.02,15174.5,135.003,21.7584,18848.6,244721,98.3431,4085.62,793.6,5119.89,23497.1,62534.2,233868.29,5354.23,,12520,877210,7428.51,8285.96,5300.64,44897.1,165.655,49.724,3418.32,6466.9225,12090.1,,15.6787,298.266,19531.2,124900,232.975,23.9192,8329.16,5118.49,27812.3,1366458.188,1586560.229,1613134.734,774253.67,1481040.147,7052.69,21391.4,390953.277,1795.87,26342.9,2615.42,31775,744283.937,353129.3379,9649.37,466.818,89070.8,30.9315,13.6746,2759.99,121261,4025.5,5548.67,3.75944,6505.06,510.763,676.533,85.9476,6808.49,26.9725,18.8802,3724.47,37.4172,1903.38,1755152.456,938.085,3161.65,378004.9712,3591.6,3370.17,11758.6,3302007.484,4156634.561,854627.0775,266346.358,152697,588280.7195,,433220,,11772.2,64946.6,26613.8,360.024,1385.74,43159.8,859.023,463.697,80369.8,70521.2,14408,5151.03,9662.58,7.25503,27.694,28839.3,,12348.1,593320.451,7045.97,601.605,629.106,17567.8,29.9751,626011.0389,561168.9793,310922.767,,11981.1,1328572.364,4027236.568,990.912,2200039.852,5602.26,861.356,3976.68,54.6061,,8600.73,,2492.5,15271.2,17.1255,302318.252,78195.5,2.93676,3716313.801,1668.66,7351.01,123.155,86109.1,177373.507,,7813.88,3.00713,9428.13,2752.64,169.382,3029.58,16588.7,644041.9584,3529.01,183.861,4954.28,51402.8,4673.62,26784.6,8717.37,19058.3,1.33906,25829.9,1706053.72,12873.9,30871.5615,68803,2663.1,13234.3,43625.1,0.751575,1332.94,126669,418395.8886,1439.22,19757.4,7554.22,11734.4,2724.464415,1571535.133,47.2106,5646.55,39142.4,434155,1431.97,635467.4255,63278.6,34269.7,4637.66,806.06,1926.31,2718.45,2673.69,,11656.5,,480363.3268,,480375.468,40062.94842,20.0942,997.015,5664.62,2599.41,10330.6,1039.46,,12.1412,3669.91,1.36202,7452.12,1346695.258,904514.27,1990.69,83447.9,3367,17321.4,612208.6324,177373.507,334.324,59.6051,635467.4255,480375.468,2205.72,3068.09,37836.2,1.78449,21593.8,9851.01,91856.2,2387741.437,16197.1,581486,23358.3,24.8632,32770.8,13.117,25.1049,58103.3,167.98,,5795950,76.0098,2404.6,38728,73709.3,21838,8133.56
1979,12.4857,,10176.2,22903.7,2182,288841.228,19337,96622.1,1562.06,6.89215,31.4964,106411,9606.65,8611.2,1676.56,13809.5,3645.15,4850.84,92273.5,13107.4,1313.81,108.112,3470.73,15383,145.317,21.9242,19993.7,254110,100.32,3857.07,809.099,6114.78,27484.7,73100.3,238830.67,5397.46,,12713.4,874356,8231.33,9063.01,6602.25,45127.8,170.022,51.5931,3567.13,6255.7804,12240.3,,16.0605,302.542,20289.3,127933,239.784,25.0285,8395.68,5354.87,27825.7,1378738.983,1613724.868,1630931.593,788806.57,1510390.863,7535.49,21161.2,397092.922,1816.07,26106.5,2635.75,32663.9,759146.192,393251.3785,9846.2,506.212,90031,30.6081,13.8813,2980.14,125000,4014.53,5795.62,3.8752,6848.76,500.179,698.646,87.8892,6831.56,26.6836,19.3656,4009.22,38.9435,1616.63,1800744.89,967.867,3431.3,447087.1482,3569.69,3446.05,11900.6,3364260.149,4291243.955,926983.8061,285285.7346,184092,641698.0715,,435572,,12026.8,48390.5,32077.9,358.825,1412.04,43732.1,854.172,503.032,79393.5,67218.2,15529.1,5192.82,7913.82,7.53406,27.9725,29054.8,,13240.4,611376.1595,6906.61,597.76,662.381,18479.3,30.7759,644979.5472,617142.4771,363772.448,,11591.6,1384713.752,4158514.963,1048.22,2208023.624,5705.62,880.727,4012.48,55.0441,,8541.72,,2499.39,16355.4,17.6846,286859.619,81985.9,3.00853,3794742.515,1652.45,8274.42,125.773,73275.6,166753.066,,7608.97,3.06928,12314.5,2823.3,174.301,3542.32,17021.3,673245.2242,3942,175.05,5072.57,65732.2,4470.84,27439.4,9454.04,19027.6,1.37235,25657.2,1760482.832,11483.1,31943.8218,70222.7,2714.35,13549.5,43939.9,0.76201,1940.71,129653,510882.0282,1419.01,20167.2,7703.39,11885.6,2720.16205,1620717.06,48.3516,5128.53,39592.9,446764,1387.75,639690.3836,68065.9,37261.3,4646.17,814.132,1883.33,2706.3,2751.86,,11655.3,,573149.8015,,573162.6242,40919.76425,20.4102,1061.3,5739.45,2624.48,10544.7,1063.66,,12.8227,3635.01,1.41385,7998.19,1358566.263,922029.26,2128.68,80696.7,3396.79,18153.3,631042.3584,166753.066,290.291,60.2291,639690.3836,573162.6242,2202.93,2873.72,38679.1,1.9026,26185.8,10244.3,93879.6,2410028.764,16930.7,600123,23447.1,25.0425,34795.2,13.399,26.0877,57804.2,163.689,,5972760,78.2411,2427.44,41239.3,109096,31530.3,8330.49
1980,12.6755,,10376.6,19634.2,2228.41,285216.878,18727.5,95741.2,1542.94,6.96729,34.4073,109630,9714.19,8835.25,1554.06,13818.4,4533.24,5223.71,87058.4,13535.1,1324.4,112.649,3660.59,15567.1,142.073,22.7306,21233.3,275469,105.248,4467.29,824.635,5327.21,38591.8,78956.3,234602.47,5483.61,,12656.7,869136,10315.6,11453,5693.92,45210.4,170.179,53.9507,3589.08,6638.3313,11860.2,,16.7495,311.099,19741.9,129036,257.533,25.8995,8432.2,5398.54,26045.5,1393289.641,1636437.263,1649089.51,806034.48,1524229.968,7814.75,20803.5,398555.895,1848.51,26819.3,2648.89,34455.6,755724.855,394036.1581,10047.3,514.002,88254.2,30.7001,14.0996,2789.36,124198,3983.31,6672.43,3.94072,8635.39,554.842,753.27,89.8461,6802.82,26.779,20.0199,4184.72,40.1023,1710.78,1813909.575,1006.69,3375.71,438034.0848,3523.76,3587.52,12131.1,3386997.358,4313520.748,926523.3902,284871.9302,182595,641651.46,,444528,,12129.2,36464.7,27077.5,337.118,1450.36,43908.4,872.822,500.235,77447.3,64911.8,14642,5219.25,11766.3,7.80881,27.4685,29043.4,,9201.89,639323.8785,7926.31,619.711,693.175,17642.6,31.773,674769.5022,612125.5641,351633.076,,11901.7,1405181.462,4184012.221,1102.39,2230554.522,5726.93,897.18,4020.39,56.2086,,8897.47,,2493.22,15976.2,18.2289,265616.445,87935.4,3.09228,3832379.145,1618.28,9259.53,125.556,85429.6,147695.319,,8249.58,3.13885,10283,2898.67,175.067,3208.47,18166,686534.0306,3891.73,166.561,5199.99,61764.7,3985.05,28017.7,10181.4,19609.6,1.41133,27244.2,1780094.798,6792.68,30806.4168,69857.1,2651.57,13166.9,42792.4,0.777437,1961.84,125085,485060.5381,1384.31,21019.5,8014.44,12300.9,2760.219077,1639865.973,50.9641,4224.64,39925.5,460809,1416.02,644174.2639,76074.1,42956,4655.24,840.063,1912.46,2923.67,2545.59,,11616.2,,553494.6386,,553508.0759,40204.96718,20.8188,1143.86,5672.82,2591.08,10596.4,1049.49,,13.4373,3857.08,1.47454,9191.55,1372264.585,934643.24,2462.64,83135.1,3427.03,19199,661235.2643,147695.319,275.436,61.043,644174.2639,553508.0759,2379.11,3057.2,39597.1,2.02742,23097.6,10788.8,95262.3,2427197.683,18673.9,607555,24219.3,25.462,35294.6,13.7428,27.1886,58070.8,162.433,,6011410,81.0642,2472.29,41675.4,82413,24249,7534.17
1981,12.937,,10304.8,17404.8,2235.5,244921.337,14826.2,93157.7,1523.36,7.09575,34.1812,97530.1,9733.11,9008.95,1438.55,13761.3,3821.82,5180.78,88085,13953.9,1418.34,119.43,3868.77,15714.1,137.738,23.0682,19046.2,268220,103.297,3603.46,829.884,4932.32,28376.7,78505,221434.55,5470.53,,12051.9,861145,8446.63,9871.54,5177.74,45467.5,170.336,55.7915,3769.43,6454.5112,11652,,17.5631,321.55,19844.8,129034,256.171,26.5459,8374.61,5224.86,23623.7,1358984.414,1604651.152,1600263.603,823507.7,1525553.795,7974.96,21127.1,397275.497,1841.86,27676,2627.89,33129,740724.557,335056.2097,10120.8,523.406,85724.6,30.6593,16.8709,2733.04,123996,3959.4,6063.42,3.97787,7478.98,555.627,824.797,91.5715,6900.67,26.8063,20.8512,4229.25,41.4119,1546.89,1763354.75,1047.08,3294.97,388407.0652,3557.65,3426.64,12161.2,3348318.027,4208790.85,860472.8231,273837.3662,168865,586635.4569,,453572,,11923.9,34976.8,15550.1,344.453,1458.31,43883.7,857.835,549.19,75634.3,63224.7,14610.7,5214.66,10931.9,7.92928,27.2733,29254.1,,6468.34,632625.8797,7348.99,624.53,683.703,12945.3,32.6602,667801.3141,557616.7722,316309.113,,12121.5,1371119.565,4094649.517,1110.43,2203977.524,5808.01,912.044,4032.18,57.1744,,8663.11,,2498.85,15578.4,18.8526,226085.184,93041.4,3.18931,3778340.404,1647.97,9017.42,127.533,75931.7,128108.991,,7647.95,3.2102,9065.37,3082.56,175.818,3055.57,16408.5,686864.0682,3211.14,170.404,5292.16,52352.9,4001.57,27991.1,10265.8,19675.7,1.45452,27232.2,1756861.307,7634.02,28024.7041,72265.3,2697.26,13610.8,42439.6,0.819932,1918.27,110241,416737.9425,1424.45,21467.5,8222.49,12325,2891.804542,1626652.409,56.5553,3251.15,40733.3,474129,1429.12,656873.0366,62792.3,40147.7,4541.82,868.289,2022.11,2706.34,2415.21,,11998.2,,494549.4962,,494563.2655,37371.01984,22.4422,1129.81,5779.45,2695.17,10586.6,1047.28,,13.7693,4186.26,1.55737,8286.3,1337511.273,937306.35,2157.31,83228.3,3426.24,20138.6,654427.9342,128108.991,281.058,67.7142,656873.0366,494563.2655,2385.8,3089.21,41514.6,2.0362,21554.7,10136.7,96014.2,2407220.839,18954.9,608336,24701.6,26.2443,35286.6,14.0455,28.0999,58473.2,161.867,,5871770,84.4072,2517.52,42724.5,65799.7,19852.7,7313.21
1982,13.182,,10259.8,19170.3,2245.35,233559.891,13402,91897.8,1531.89,7.35214,36.7223,107729,9873.12,9255.25,1460.67,13726.5,4412.49,5437.93,88597.9,14382,1362.83,120.161,4217.93,16014.3,155.641,23.8669,19916.5,276022,101.422,3695.23,849.867,5332.04,35819.1,68998.1,233064.06,5435.21,,11837.8,870542,9963.32,11008.5,5748.04,46501,169.795,58.8978,3793.09,7083.485,12151,,18.1124,335.2,19879.4,127657,258.923,27.1902,8289.46,5498.03,23034.4,1681424.962,1938576.261,1932387.465,847987.02,1557840.387,8150.66,21802,394506.31,1861.05,29071.3,2659.51,34522.4,748940.28,371950.4146,9917.73,538.16,82762.7,30.6791,16.9776,2735.56,123886,3891.84,6564.76,4.02762,8325.82,576.55,1059.35,93.7015,6831.37,26.6841,21.2497,4447.29,41.9906,1653.79,1752949.706,1089.19,3667.04,433840.1538,3567.41,3522.42,11530.8,3732531.866,4647219.562,914687.6964,283027.6012,475987,631660.0952,,455044,,12138.4,45440.4,15789.7,333.435,1502.36,43894.4,877.954,566.354,74784.5,62882.7,15757.8,5265.65,12820,8.09901,27.9293,29312,,5016.9,653583.8004,7336.02,619.909,711.984,13683.6,33.8072,688820.6768,600431.1251,348643.349,,11240.4,1702260.417,4522449.186,1140,2247011.47,5853.62,902.866,4075.16,58.6616,,7395.61,,2538.01,16066,19.4985,220563.16,102072,3.31618,4173805.837,1625.85,9865.44,131.914,74767.5,138658.826,,7758.6,3.29425,10116.6,3173.11,181.059,3310.49,16584.3,674978.9669,3052.82,163.964,5506.42,50423.5,4249.38,27655.6,10365.6,19170.9,1.48895,27347.7,1771998.541,6492.34,28669.2016,73474.9,2752.47,13908.2,41106.7,0.868482,7909.71,121635,459771.2285,1501.22,21726.2,8301.96,13064.5,3011.370332,1624023.886,56.854,3263.89,40763.2,492411,1477.69,658657.2655,50732.1,44415.7,4745.84,873.2,2124.68,2836.77,2258.99,,12312.8,,542137.3121,,542150.9701,38764.05693,22.4448,1165.08,5956.86,2761.1,10500.7,1030.53,,13.658,4291.51,1.65441,9107.04,1659692.898,973189.43,2508.22,82550.7,3473.95,21357.7,674870.172,138658.826,292.498,61.9507,658657.2655,542150.9701,2830.22,3212.3,42416.9,2.18081,23556.4,10803,98175.4,2471545.42,18704.7,605957,25538.1,26.8839,35744.4,14.9611,28.7919,59026.5,165.612,,6289190,88.0366,2564.12,44611,79415.3,23690.2,7978.88
1983,13.3622,,9858.04,19184.3,2306.81,225065.998,12827.7,94102.1,1564.49,7.62757,35.6842,98933.4,9909.95,9554.46,1478.26,13607.2,4154.09,5473.43,83607.6,14672.7,1366.63,120.313,4516.74,16387,142.432,24.9723,21186.9,280215,103.253,4407.76,869.033,5131.96,31620.1,69139.1,255577.5,5588.46,,11646.7,890568,9256.79,12899.4,5769.38,45930,168.524,54.5491,3871.56,7043.22,11838.9,,22.0187,351.207,20133.4,124594,280.622,27.7078,8316.83,5775.23,25512,1522066.354,1747818.497,1766201.05,870662.12,1592691.039,8055.99,22093.3,392955.688,1902.33,29542,2711.77,34734.9,769258.918,404513.0512,9916.79,527.67,82999.7,30.9756,17.0874,2513.81,123869,3850.75,6334.09,4.05508,7847.74,524.272,954.47,96.1705,6917.58,26.3365,21.3873,4500.29,43.1531,1475.99,1733347.856,1111.64,3885.86,424028.7471,3549.6,3568.31,11576.8,3571981.85,4527331.038,955349.188,285844.9822,231184,669504.2058,,469097,,12488.5,44883.7,15464.9,336.146,1553.92,42945.2,942.351,573.613,74613.8,60438.2,17169.4,5274.56,14525.1,8.33936,26.6137,30698,,5999.08,656612.2161,10421.4,622.899,711.905,12616.6,34.7794,689776.5123,638188.4887,341813.481,,11471.9,1523382.123,4393170.965,1124.17,2319767.84,5999.44,917.838,4159.48,60.797,,7744.98,,2602.31,16048.5,20.1689,213740.307,98176.3,3.45776,4051357.484,1638.68,8802.01,138.623,123762,140318.354,,9162.04,3.38436,9955.75,2893.11,179.463,3339.73,25019.7,660584.0723,2950.02,196.206,5682.85,50514.2,3796.05,28450.2,10760.1,19779.9,1.52375,27194.2,1757122.674,7116.65,28382.6232,75026.7,2737.69,13635.3,40859.1,0.921091,3274.62,134691,450245.0415,1568.73,23539.2,8382.7,13433.6,2885.839681,1602573.161,56.9163,2818.15,49159.8,504821,1516.95,669730.3419,41601.2,42771,4499.83,917.166,2013.06,2685.14,2248.44,,12069.3,,533781.5797,,533795.4983,38311.68288,23.3761,1168.27,6123.54,2799.97,10334.1,1038.06,,13.9186,4541.55,1.76393,8650.17,1498521.05,1008902.72,2332.3,87458.1,3530.52,22577.8,676063.074,140318.354,309.75,52.5832,669730.3419,533795.4983,2911.56,3373.25,41675,2.17472,23407.3,10614.8,99681.3,2527975.362,16669.2,591420,26410,27.9294,35808.9,15.5718,29.5257,59091.4,169.642,,6140330,89.3804,2610.94,45612.8,77938.3,23197.5,7955.08
1984,13.6488,,9054.65,15733,2327.29,218171.565,15765.2,94813.5,1605.02,7.91671,35.8914,101429,10102.8,9915.83,1518.95,13811.8,4143.93,5633.82,86141.6,14989.7,1449.78,121.977,4580.33,16759.6,146.228,24.6363,16739.4,268282,106.172,3454.88,887.475,4170.28,30844.8,71134.8,250489.4,5591.22,,11651,908770,9252.31,13011.8,4812.65,43830.8,172.068,55.0535,3998.16,7127.5077,12140.8,,14.9408,370.416,20172.9,123918,296.6,28.4128,8146.9,5813.79,27222.8,1403500.901,1614192.47,1651366.946,895051.97,1604379.593,8898.16,22821.1,395170.434,1860.52,29314.5,2738.41,33937.5,749727.754,323091.6301,9154.3,563.172,83127.7,31.1521,17.2081,2930.76,107350,3929.11,6535.96,4.09401,7784.13,506.078,880.304,98.0773,6899.45,25.7427,21.4782,4484.55,43.8917,1401.22,1731293.637,1164.09,4133.64,371268.5381,3583.12,3610.73,11667.4,3525170.815,4376619.524,851448.7093,282137.0141,163059,569311.6952,,477063,,12688.9,38342.2,16880.7,345.407,1593.54,45131.3,1065.51,591.184,74860,64568.2,17721.3,5402.32,9957.43,8.60384,27.0967,32149.1,,6469.48,638857.1706,7118.98,630.743,731,12216.3,35.6718,671443.5815,533104.4254,300296.22,,12371.5,1402594.02,4241906.904,1105.9,2335858.678,6116.98,916.966,4247.09,62.6502,,7588.61,,2675.29,15220.2,20.8615,199919.099,97059.4,3.61302,3941610.684,1647.53,8044.35,146.082,75212.9,137219.037,,7759.53,3.49631,7751.03,2790.82,182.43,3067.25,19055.3,678799.4363,2811.12,199.962,4243.73,52726.5,4127.46,29058.7,11241.2,20081,1.5383,27630.1,1766611.523,5597.97,28243.1783,76041.7,2722.98,13814.4,41007.6,0.974186,1838.31,135352,402729.1953,1609.37,22761.5,8304.14,12350.3,2952.085076,1614274.632,59.8358,4218.61,42498.9,525561,1520.73,681661.7865,27459.4,43103.7,4564.64,875.8,2044.81,2534.39,2293.36,,12267.7,,485616.0389,,485630.0988,38322.77108,24.2681,1045.7,6261.16,2861.74,10796.4,1032.27,,14.0599,4448.37,1.87045,7746.56,1380733.023,1033987.09,2362.35,85168.5,3615.05,23779.3,657388.4887,137219.037,331.988,47.1306,681661.7865,485630.0988,3058.63,3521.24,42264.2,2.31213,19555.2,10775.8,101303,2539016.664,15899.5,607640,27630.3,29.2553,35966,16.0664,30.2473,58501.4,170.461,,5987230,92.2619,2659.19,47325.4,49598.8,15404.1,7522.51
1985,13.9676,,8308.71,16094.5,2288.99,217994.287,15227.5,94616.9,1628.66,8.17822,37.3737,113739,10297.3,10274.8,1486,13979.3,3827.9,6038.6,87075,15044.5,1637.01,116.529,4644.82,17136.2,143.228,22.3878,18281.8,276932,104.42,3261.48,913.409,4045.73,25781.8,73675.6,252747.75,5658.93,,11006.8,908613,8406.7,12354.8,4937.77,44295.3,170.201,58.7487,3868.56,7200.3484,11966.6,,14.8227,384.319,20123.9,125879,315.749,29.5943,8099.07,5750.56,31516.3,1400536.986,1623054.803,1661511.549,911554.89,1635757.605,9307.02,23176.1,398309.775,1913.81,29739.7,2774.48,34494.3,764871.655,309177.5432,9319.11,577.159,81819.2,31.2142,17.7563,3293.63,117167,3946.13,6271.29,4.18417,6929.78,513.014,717.426,100.349,7012.45,24.7482,21.7777,4537.11,44.5059,1273.03,1749876.939,1206.06,4113.13,365519.6026,3694.81,3589.73,11606.1,3570202.869,4411585.27,841382.401,285052.584,166842,556329.817,,480438,,12892.4,38489.4,19357.9,350.554,1625.97,45481.5,1038.08,632.694,74544.1,61600.9,17655.7,5452.79,12111.6,8.95085,26.5354,33357.5,,6441.65,651697.6803,6540.52,643.183,750.103,11875.1,35.5363,684377.0406,521679.5305,296358.304,,12162.3,1408334.689,4275498.309,1147.05,2357158.291,6231.5,935.516,4323.95,65.6237,,8011.93,,2731.65,15261,21.6457,201208.836,98561.8,3.78892,3979140.005,1662.61,7405.9,150.5,66249.1,144772.306,,7048.21,3.63257,7927.8,2947.72,191.052,3233.84,17633.9,675568.9878,2828.66,206.401,3804.16,53749.7,4156.93,29459.2,11530.5,20061.1,1.58712,27713.4,1790071.58,4099.59,28100.6723,76228.4,2707.35,13434.8,41972.5,1.02489,1842.24,136745,399022.896,1641.98,23132.5,8497.94,13107.7,3060.47166,1640001.527,64.4886,3783.31,43071.1,540792,1582.21,685208.5647,23471,41242.3,4693.36,843.804,2119.24,2506.88,2381.65,,12691.1,,481727.8823,,481742.6656,38361.49236,24.7886,1063.75,6266.81,2865.6,11010.4,1070.43,,14.7833,4333.56,1.98673,7249.58,1377397.895,1051994.7,2227.24,86503.9,3652.94,25232,670469.1394,144772.306,332.353,53.7706,685208.5647,481742.6656,3278.35,3713.11,40141.5,2.44108,19984.8,10595.7,103493,2570805.316,16389,601871,28760.3,29.1735,36451.6,16.8068,30.7884,58648.1,176.736,,6039460,98.0169,2707.28,47898.9,51682.6,16141.8,7797.16
1986,13.8472,,7415.09,15881.2,2368.58,227845.969,13462.8,94628.5,1632.63,8.43484,37.3027,109178,10245.4,10683.4,1595.95,13626.9,3778.02,6180.2,88140.6,15245.3,1610.74,119.574,4525.84,17390.5,143.252,21.9011,18697.5,289242,107.973,3280.3,932.933,3916.36,26604.3,73266.9,249330.25,5658.56,,11063.7,925594,8700.61,14152.2,4918.03,45353.3,170.872,63.0441,3840.69,7329.4803,12043.1,,15.2839,390.326,19966.4,124223,330.271,30.9585,8052.36,5739.94,31152.2,1491370.836,1731865.716,1748192.113,939302.62,1665136.062,10040.6,23765.7,397621.499,1980.79,30731.4,2815.15,36199.1,765654.649,322651.3576,9348.62,600.831,80685.6,31.3841,18.5634,2553.68,122369,3981.58,6420.18,4.24877,6504.3,536.255,710.623,102.99,7092.87,24.2883,22.1029,4590.51,45.2793,1367.86,1748341.88,1265.65,4128.43,365403.634,3671.69,3342.43,11046.3,3707263.344,4570531.861,863268.5169,296990.2358,227691,566278.2811,,493758,,12927.5,38360,22009.1,345.744,1684.73,45577.7,1096.35,618.013,73524.8,63331.2,17985.8,5544.95,12881.8,9.25627,26.7719,33973.2,,6511.43,666865.1487,7170.78,657.793,813.975,14975.6,35.6999,699669.2492,530666.5761,295718.525,,11854.7,1507353.029,4436628.807,1162.93,2409355.948,6323.09,933.036,4381.15,68.6852,,8638.88,,2773.52,15284.2,22.2975,212015.264,97235.7,3.97513,4140910.282,1648.36,7653.64,158.347,75796.5,151280.217,,7423.5,3.80049,7705,3029.41,199.157,3263.14,20378.4,672132.8011,2957.32,208.512,3996.12,54003.2,3859.88,30258.3,11715.9,19661.6,1.64131,28352.7,1784049.63,5003.23,27701.9861,83224.8,2698.63,13441.2,42099.9,1.0494,3028.78,134604,400103.97,1681.57,23152.8,8821.44,13670.2,3123.16734,1637435.191,65.9715,3987.27,42195.5,562391,1574.99,705010.0205,28316.5,40014.9,4926.98,862.137,2139.33,2530.42,2396.05,,12818.6,,482799.9651,,482815.1776,38154.63374,25.499,1096.37,6240.08,2841.59,10882.6,1080.75,,15.2125,4224.75,2.05357,7548.51,1468211.242,1077578.31,2313.93,83951.7,3714.06,26308.9,685636.8933,151280.217,333.915,55.95,705010.0205,482815.1776,3213.97,3769.7,41535.3,2.44383,19893.2,10921.8,104519,2633557.253,16473.1,598844,29513,29.11,38092.6,17.7138,31.2404,58737.8,182.873,,6198880,107.254,2778.21,48154.9,48495.5,15331.2,8146.19
1987,14.3017,,7485.19,20493,2496.97,230602.062,12880.4,95248.5,1646.58,8.73258,37.4902,103771,10168.7,11020.6,1598.36,13297.9,3967.14,6375.34,86484.1,15485.2,1616.34,124.679,4558.4,17804.6,148.371,22.4462,22567.2,313604,109.174,3649.84,952.427,4946.03,28833.8,74144.6,250363.52,5630.65,,11351,940693,9217.68,14006.8,6310.09,47576.8,170.92,67.9102,3828.49,7560.5517,11949.2,,15.5447,403.436,19912.5,120704,351.946,34.3199,7980.61,5793.44,31458,1634550.032,1877201.823,1881576.267,961004.23,1679896.993,9885.96,24594.9,390996.004,1942.33,29762.4,2861.05,35129.1,758139.734,386817.6984,9395.54,607.871,78600.8,31.8741,19.2754,2428.13,120732,4043.01,6733.1,4.30727,6721.07,559.066,717.47,104.78,7283.16,24.0408,22.4624,4686.2,46.2038,1463.81,1737430.067,1302.2,4177.2,428864.1064,3756.72,3303.77,11058.2,3898798.535,4847644.213,948845.6774,305388.2342,330665,643457.4432,,498274,,12863.1,39993.9,22225.5,336.845,1746.38,45851.4,1100.91,676.797,69948,63247.1,18103.2,5624.8,12895.9,9.5605,27.0825,33767.1,,6571.63,702065.036,8181.29,668.889,833.329,13450.9,36.0689,736016.3702,611444.4016,344618.385,,10710.5,1656939.841,4711989.395,1317.38,2473241.008,6431.74,945.618,4446.1,71.9305,,9224.9,,2819.93,16094,22.944,215061.832,97259.3,4.17383,4367371.01,1666.22,7800.22,164.01,94115,156584.702,,8080.15,4.0019,10575.7,3118.7,202.477,3852.96,23524,679067.0462,3081.74,213.217,3983.9,52538.9,3619.12,29716.5,12357,20203.1,1.6993,27257.5,1775259.203,4917.01,29362.1702,84888.7,2691.25,14348.7,41024.7,1.06975,4870.38,135279,464050.184,1623.49,23459.3,8948.44,15214.4,3185.05988,1628659.209,65.7464,3956.06,41980.9,577899,1591.46,709020.961,26625.3,40821.3,5183.4,880.096,2172.36,2603.84,2465.08,,13333.6,,548764.4336,,548779.9922,40107.78178,26.2614,1166.92,6276.88,2875.23,10958.6,1077.83,,15.5586,7130.25,2.11143,8012.16,1611083.699,1100039.95,2436.52,85135.3,3780.62,27415.4,722134.9087,156584.702,331.719,61.4544,709020.961,548779.9922,3259.8,3938.42,42872.1,2.3687,24634.1,10054,106141,2710431.169,17343.7,604900,30501.8,27.8854,39844.1,11.0812,31.8795,58382.2,190.064,,6463470,115.163,2870.3,48965.6,83973.6,25036.5,9189.64
1988,14.5499,,7920.27,15798,2606.35,237653.028,12085.9,98104.2,2491.32,9.01238,37.7617,103628,10346.8,11206.4,1632.1,12429.8,3733.38,6461.33,86033.6,15495.7,1687.3,129.905,4311.72,17726.2,151.007,23.275,19465,303131,114.185,3343.78,895.907,4062.62,25241,78447.6,248988.51,5686.98,,11723.5,961551,8672.97,10951.7,5044.82,47425,174.754,75.7627,3749.32,7357.6054,11988.8,,16.106,414.707,19784.2,117933,376.124,34.8625,7823.31,5818.83,31566.2,1464863.757,1717212.289,1710169.613,993981.24,1707101.998,10758.3,24796.3,387689.211,1955.88,31891.1,3057.94,34916.3,751980.121,322843.7742,9466.84,620.107,75699.9,32.2843,19.896,2384.81,120286,5085.16,6493.72,4.71477,6228.26,572.194,713.535,109.409,7422.27,23.9527,22.8303,4819.54,47.3548,1293.35,1753847.087,1378.46,4126.5,358717.2447,3996.3,3312.7,10884.8,3790634.395,4657537.008,866902.6136,303627.6641,160742,563274.9495,,519788,,12843.6,39267.3,23382.3,335.775,1824.53,46344.5,1095.84,721.584,68480.7,66335.7,19137.8,5681.15,14519.9,9.84241,27.3733,33369.2,,7275.6,690280.0104,6857.59,667.486,891.581,14257.9,36.3689,725335.6568,525998.1498,292892.984,,11564.4,1480857.292,4522362.505,1288.35,2511845.447,6919.8,950.217,4764.61,75.9327,,8829.5,,3200.98,15069.3,23.6126,222115.901,96415,4.38014,4229469.521,1660.3,8187.38,169.947,74913,158230.494,,7669.95,4.23517,7538.33,3246.95,206.988,3244.92,21298.2,696462.875,2969.87,220.35,4112.11,56548.7,3874.21,28642.2,12783.6,20346.4,1.76607,27632.8,1784602.552,5595.36,28392.2981,87596.8,2728.78,13866.9,41882.3,1.08833,1684.72,132770,398910.831,1697.62,22646.1,9136.72,14423.5,3295.5826,1641827.771,67.779,4096.67,42059.9,600128,1586.03,734168.9896,31150.1,39448.5,5149.55,870.598,2263.46,2609.32,2512.02,,13928.7,,480838.0144,,480854.5585,39045.4861,27.0807,1043.99,6399.13,2856.13,11190.7,1076.35,,16.5441,7166.72,2.17559,7889.66,1442210.411,1130747.54,2459.46,88616.7,3987.46,28962.9,711325.0154,158230.494,312.268,65.723,734168.9896,480854.5585,3339.07,3913.37,43359.1,2.39165,20072.3,10169.6,107633,2748612.23,17906.1,617992,32049.9,29.9393,40051.1,14.7773,32.5226,58867.2,191.223,,6290090,115.705,3285.71,49983.8,45660.2,14642.3,8470.34
1989,14.8981,,7465.04,17298.5,2648.33,249031.136,13242.5,100292,2669.38,9.35252,35.4074,109117,10158.8,11350.3,1664.13,12415.3,4082.09,6710.69,87640.1,15762.4,1760.01,136.121,4399.82,18093.6,158.536,24.3998,19829,309656,123.467,3127.02,902.446,4612.06,29728.2,92349.3,240577.63,5828.74,,11933.8,991542,9642.07,13449.5,5618.95,48818.6,179.793,80.2449,3663.94,7191.668,12302.8,,16.5162,424.875,19253.5,117394,397.827,36.698,7878.97,6053.58,33252.3,1483035.023,1746215.007,1730910.557,1012756.71,1721805.375,10940.3,26028.4,391944.45,2031.8,32660.1,3263.45,37158.8,744971.04,326634.2921,9673.87,631.405,75519.1,32.6563,20.5338,3156.11,118484,5093.61,7052.09,4.78627,6903.73,579.217,776.501,113.225,7547.35,24.247,23.2502,4737.76,45.8573,1261.79,1773008.683,1465.83,3948.09,395624.9026,4101.02,3290.24,10836.8,3877309.614,4770760.51,893450.8966,315085.8203,171724,578365.0763,,532933,,13181,42027.2,24622.8,335.288,1864.37,46768.5,1099.31,787.734,67750.2,68321.1,19883.2,5790.58,14210.3,10.2185,27.1832,32197.8,,8523.21,704871.1594,5878.43,679.502,913.171,14442.5,36.6755,739010.6075,539703.7076,317737.222,,10635.9,1511189.057,4643164.278,1240.85,2553790.875,7571.71,961.849,5156.56,79.9558,,9169.22,,3652.47,15640.3,24.2155,233790.519,98516,4.62033,4325427.056,1628.47,8579.82,175.996,55256.5,165866.073,,7259.29,4.49825,8536.29,3389.39,209.128,3479.35,19243.6,714003.6998,3153.8,201.521,4291.81,61801.1,4438.59,30178.3,13822.4,20184.3,1.83386,26683.7,1803296.137,5553.15,30339.2396,89121.4,2746.09,13843.8,42534.6,1.10868,1871.22,125314,440974.519,1767.56,21555.8,9606.6,14596,3284.53277,1668709.794,69.8286,4343.91,40031.1,611597,1682.27,748906.4015,32461.3,41807.3,5356.05,882.279,2237.68,2717.95,2580.13,,13931.7,,527728.9105,,527745.8011,40815.44037,27.7706,1046.35,6466.56,2820.53,11364.8,1119.18,,16.8906,7046.98,2.23467,8573.47,1461471.705,1142171.73,2593.85,88562.2,4150.65,29645,724598.8,165866.073,319.432,60.8121,748906.4015,527745.8011,3176.15,3983.57,44363.6,2.6585,21839.3,10792.9,110814,2814237.999,16857.9,621630,32745.3,29.7329,40924.9,14.989,33.2215,59785.6,198.378,,6429940,115.284,3428.04,50880.3,57709.6,17952.3,8789.06
1990,15.1768,,7627.58,22056.4,2546.96,251115.979,13606,102083,2889.7,8.84112,35.5108,115150,10029.3,11458.5,1716.43,12445,5119.5,7238.16,87092.7,15675.5,1800.13,141.46,4589.45,18649.3,169.855,24.0812,22435.9,319678,128.619,3611.25,918.942,6074.01,42252.8,77163.5,219136.3,5907.07,,11988.5,1016910,12146.2,15980.2,7194.2,50252.4,181.068,83.2303,3768.53,7145.5093,12062.1,,17.5904,440.832,18247.2,115486,417.598,36.3508,7981.26,6003.02,32299.4,1582120.594,1835477.456,1835031.059,1049338.58,1739768.707,10987.2,26993.4,392976.18,2070.55,32809,3407.55,39981.3,723147.58,423080.8859,10068.6,635.201,75749.5,33.1291,21.1901,3478.5,117496,5035.23,7924.72,4.88389,8713.64,614.322,861.628,117.684,7734.43,24.7507,23.6707,4798.37,46.4886,1256.15,1755449.096,1532.05,3971.38,496591.7292,4165.94,3307.79,10067.7,3982722.227,5019849.934,1037127.707,332191.9573,211531,704935.7499,,513704,,13884.2,56749,21421.5,341.696,1910.18,47167.7,1236.11,865.96,66937.5,69412.5,20324.3,5822.7,15115.7,10.1507,25.8255,31301.1,,5420.15,725495.774,8140.38,698.063,889.681,16757.7,36.9718,758513.0057,666672.8343,393206.629,,11514.1,1613388.414,4910910.187,1137.7,2599591.486,7602.37,979.375,5468.3,84.9561,,9223.91,,4085.62,17045.9,24.8639,246030.624,98920,4.8357,4517703.558,1662.29,9439.27,183.403,83992.9,181780.741,,8301.04,4.78574,11782.7,3543.17,210.108,4047,23620,714823.5812,3553.45,201.162,4462.32,65221.7,4811.11,30168.9,14236.8,20285.7,1.91369,26690.4,1789708.581,6167.78,33378.6659,90807.8,2769.23,13575.5,41547.7,1.13335,2424.4,107611,540872.145,1823.6,21625.5,9866.78,15500.9,3107.77483,1683884.839,70.6834,4399.54,37405.8,624883,1484.52,731975.6859,30762.7,47141.3,5627.79,980.765,2045.79,2909.32,2672.94,,13062.4,11939.7,640198.8115,,640216.62,43631.95003,28.7702,986.594,6451.18,3033.76,11521,1134.11,,17.8085,8383,2.30468,10037.6,1560488.167,1161115.52,3089.46,84983,4299.13,29864.5,744273.2003,181780.741,340.472,56.5439,731975.6859,640216.62,3037.59,4059.03,43852.1,2.67939,26890.9,12246.2,122321,2904315.143,15752.1,637636,32945.6,29.7217,44121.9,15.1515,33.803,60473.8,213.989,,6668380,114.348,3912.18,53369.7,98339.5,29119.3,10256.1
1991,15.486,,7702.08,19167.4,2397.49,242115.094,14654.3,100648,2745.41,9.11689,35.7635,120601,10039.8,11045.7,1748.87,12512,4131.13,7141.1,85947.7,15096.2,1641.38,145.567,4250.82,18044.2,181.809,24.2707,21403.2,324383,126.948,3695.32,910.801,4876.54,28539.5,81474,206963.66,5865.67,,12149.8,1013520,9723.42,13669.7,6184.21,49461.3,184.723,86.7776,3757.12,7434.3391,11973.6,,17.7291,456.949,17039.2,109165,426.421,36.3629,8132.72,6270.91,33404.8,1752147.771,2009284.18,2008460.742,994396.43,1672101.329,11385.6,28154.1,386794.906,2084.1,32752.5,3265.54,38988.6,705193.636,354818.8542,9800.66,646.859,76743.8,33.5249,21.8691,3350.19,117228,4850.64,7114.7,5.02328,7040.38,596.197,804.838,272.009,7653.22,25.1214,24.077,5089.91,47.6965,1390.74,1744177.378,1593.63,4227.9,425357.7002,4150.11,3452.06,9900.7,4098861.242,5057291.136,958429.8943,335771.8599,391055,622658.0344,,520959,,14106.1,60099.4,11188.6,340.035,1950.13,46281.1,1306.54,971.059,65333.6,64202.8,20067.6,5552.97,14178,10.3557,26.9923,30829,,2345.12,719084.4383,7178.54,733.521,845.158,17183.2,37.2514,753186.5027,585795.7798,338069.456,,11004.5,1772113.495,4951067.849,1146.64,2551334.489,7393.74,1113.36,5483.54,88.9968,,9073.26,,4166.06,16290.7,25.5324,245967.488,90509,5.06157,4612998.393,1619.13,8888.36,190.267,73169.6,178749.711,,8829.31,5.11676,9817.95,3655.78,206.989,3724.44,23417.2,708821.2707,3516.09,208.965,4616.32,68106.3,4240.94,30799.9,14470.3,19905.8,1.9935,26348.4,1765316.205,6088.54,32164.8111,92710.9,2807.38,13235.5,42009.8,1.15179,5481.97,102690,462205.758,1874.02,20524.7,10033.7,14373.5,2646.11413,1665798.885,72.5529,4593.94,32940.9,601461,1510.8,739166.3134,35754.1,42507.6,5486.99,1105.5,1563.68,2614.87,2766.2,,12039.3,,567523.1858,,567541.5807,42245.26433,29.6242,1005.58,6091.15,2912.58,11220.9,1124.9,,18.3949,9358.72,2.39528,8806.56,1731615.947,1101236.54,2638.16,87965.9,4164.81,29543.1,738981.0441,178749.711,404.713,56.7256,739166.3134,567541.5807,3085.95,4269.71,43156.8,2.86987,24039.9,11586.3,116175,2840884.898,16571.7,627323,32983.4,29.7136,45086.2,15.4049,34.3083,61759.8,221.44,,6708550,114.108,3886.92,53808.4,73467,22423.5,8852.57
1992,15.898,,7385.53,28287.5,2268.97,258960.248,15097.3,102146,2605.21,9.35997,36.0069,116503,9884.56,10495.1,1793.64,12297.8,4779.61,7577.76,86069.7,14847.6,1798.6,148.491,3714.74,17377.9,182.77,24.2345,23062.2,340142,125.88,4173.59,1195.84,6693.47,36670.8,83400.6,195500.8,5749.27,,12505.3,1010330,11411.8,15115.7,8773.24,50728.2,189.467,96.8397,3725.6,7866.7388,11676.1,,18.2246,466.188,15040.8,102501,432.697,36.5863,8183.57,7003.66,37487.3,1764650.976,2033203.545,2016171.344,957076.21,1615354.256,11984.8,29170,376930.264,2168.5,32800.6,2876.06,41972.3,681839.214,476172.0379,9699.45,650.755,75582.1,33.9007,22.5776,3687.44,113254,4841.69,8050.4,5.25167,7565.74,620.796,864.545,431.158,7504.27,25.5177,24.5482,5156.11,48.9552,1580.36,1725141.305,1639.86,4030.18,560951.8694,4049.03,3663.09,8853.05,4077415.235,5213949.995,1136534.76,349983.6006,364640,786551.1594,,524521,,14121.7,61442.5,12118.7,335.967,2037.21,46370.8,1375.69,1113.76,64959.8,64059.5,20393,5212.24,15295.6,10.5681,28.776,30062.7,,5784.39,739917.3049,9292.27,758.014,826.081,15135.9,37.5229,775294.2832,756185.1404,440945.709,,10936.2,1824940.192,5108953.711,1289.18,2547478.255,6889.02,1174.97,5277.01,92.988,,9023.31,,4528.94,18576,26.1818,258494.657,87886.2,5.26634,4668008.002,1471.41,9409.42,195.606,104832,185166.081,,9417.96,5.45371,15253,3572.94,211.12,4646.05,27972.9,706618.8345,3953.51,211.022,4916.08,72132.3,4521.1,30875.5,14899.9,18952.8,2.05859,26034.4,1738496.017,6398.03,36007.0145,93584.5,2846.28,13392.3,41318.9,1.17426,4905.75,99806.2,606239.473,1710.92,20496.9,10118.4,15156.5,2236.07908,1640451.951,74.8705,4827.64,29566.8,576744,1545.5,742671.7518,37189.8,48878.1,5765.88,1238.01,1135.52,2733.87,2835.07,,11500.4,,719471.3871,,719489.8897,46109.83238,30.4404,1105.44,5547.46,2747.77,11307.9,1211.66,,18.5026,10019.2,4.26824,9706.56,1744146.775,1060931.44,2855.79,90121.4,4041.71,21898.1,761544.0578,185166.081,380.516,58.7903,742671.7518,719489.8897,3153.27,4529.58,45102.7,2.93589,32481.8,12424.4,115569,2843067.81,17579.5,623194,32730.6,30.428,45587.6,15.6532,34.7904,63403.4,234.846,,6846520,111.587,3935.12,53589.4,142818,41214.8,10785.4
1993,16.3861,,7474.89,17547.5,2344.4,265432.045,14840.7,101568,2400.96,9.58111,36.4707,112836,9936.15,9898.54,1844.03,12053.3,4489.97,7730.34,84822.6,14039,1932.96,151.936,3410.67,16563.1,179.955,24.4629,25269.1,356615,123.372,3855.17,1192.97,4024.46,32322.8,89389.9,174946.17,5666.06,,13353.4,1002980,10598.3,14641.7,5686.06,52097.2,193.352,99.3156,3612.41,7921.4671,10526.2,,18.658,484.35,13458.3,97864.8,444.674,36.7972,8329.16,6815.3,37397,1594042.021,1893127.29,1840629.957,927885.33,1557983.524,12625.4,30346.4,367619.416,1926.18,32388,2386.58,40207,650623.986,364032.5629,9841.08,688.064,74425.3,34.2361,23.2696,3539.6,109061,4637.55,8086.01,5.31216,7211.25,608.797,851.565,589.569,7548.29,25.8473,24.9097,5475.92,50.2266,1759.09,1696893.918,1720.01,3928.06,428136.3034,4111.51,3714.2,8196.3,3905573.213,4890349.981,984776.7678,348727.3301,229782,636049.4377,,529117,,14312.3,62897.9,12915.9,333.026,2131.72,45868.5,1390.1,1181.13,63564.1,61927.2,20777.1,4921.47,15319.3,10.7664,28.2629,30005,,8508.26,764735.6255,7982.87,779.919,773.638,14508.2,37.7076,801597.1347,595492.233,328182.042,,11250.2,1652375.446,4794247.635,1230.19,2511170.874,5942.06,1183.85,4691.5,96.9551,,8337.81,,4259.54,16406,26.8871,264771.769,89874.5,5.43065,4466065.593,1470.39,9408.81,201.036,87225,187938.593,,8675.53,5.79558,8669.22,3651.78,212.56,3580.79,26728.6,706494.3629,3183.14,206.654,4969.81,73635.1,5035.93,30511.5,15025.3,19991.4,2.12209,26117.6,1709961.736,6675.33,31811.7783,97419.6,2885.29,13729,41601.7,1.19907,2604.4,87012.9,464491.345,1769.91,19234.7,10247.4,16648.5,2399.37835,1615415.234,76.8118,4900.27,27374.6,553641,1472.51,751295.5471,37642.9,49619.3,5838.83,1363.89,1243.9,2710.12,2772.61,,12426.5,,568350.518,,568369.2592,42132.62375,31.0114,1067.74,5014.15,2719.27,11421.8,1078.77,,18.7412,10261.9,2.63015,9363,1574799.862,1019009.74,2814.16,85217.4,3753.51,25230,788936.9791,187938.593,392.784,58.5883,751295.5471,568369.2592,3053.12,4753.73,46113.7,2.95124,22725.8,12385.8,112543,2813690.147,18256.3,617080,33356.7,31.0684,47014.7,15.8505,35.2128,63890.9,249.675,,6503170,113.412,4114.03,54063.2,59421.6,18289,7414.98
1994,16.8768,,7666.93,19810,2783.96,273682.587,15746.5,101069,2537.16,9.77834,37.0902,123283,9627.2,9473.4,1855.69,12007,4604.69,8009.29,84986,13612.6,1938.74,156.015,1748.27,15777.4,181.384,24.8384,19438.4,334732,123.58,3829.26,1190.05,4836.68,31685.4,104467,172357.79,5695.96,,13968.5,1020310,10766,13388.8,6307.16,50995.5,198.379,95.4609,3343.05,7569.4289,10974.8,,19.3206,516.362,12315.5,94533.2,461.055,37.0278,8199.82,6718.43,36376.5,1732549.998,2019032.027,1989736.745,865939.49,1484952.861,13789.4,30731.9,362037.384,1961.89,32813.1,2209.61,40452.1,639928.214,382379.0057,10135.9,711.017,73754.6,34.4653,23.565,3636.06,104099,3986.66,8381.36,5.43133,7297.85,629.967,864.296,743.872,7684.58,26.2511,25.2433,5315.73,51.4761,1446.42,1715335.859,1885.16,4160.61,455154.171,3894.95,3744.12,7700.56,3983336.511,4988901.28,1005564.769,345739.9358,357567,659824.8332,,535828,,14391.1,67372.4,13240.9,337.139,2347.36,46464.9,1377.24,1178.48,62539,53120.7,21428.8,4428.28,13541.9,10.9671,28.2748,29868.9,,10347.9,734902.4489,7673.07,798.273,756.619,14747,37.9909,772893.1004,621263.3765,353165.141,,11725.6,1779152.61,4890915.738,1206.66,2459871.314,5414.64,1224.48,3544.86,100.614,,8145.2,,4053.61,16801.1,27.9816,274360.71,90298.1,5.58812,4537750.597,1463.1,9743.76,204.982,78610.9,192981.488,,8196.23,6.14504,10308.4,3591.54,215.058,3798.52,25943.2,719746.8384,3298.96,199.646,5175.19,72046.3,5086.28,29922.5,15754.4,19773.4,2.17656,26968.8,1725113.239,6359.72,33164.4847,98780,2932.55,13807.5,43687.9,1.22373,4793.95,87580.5,498783.726,1831.12,18315.8,10453.7,14926.3,2534.23285,1621420.196,77.4795,5009.92,28949.9,514496,1429.84,759977.9616,39424.1,52144.7,5988.17,1484.24,1351.73,2602.71,2849.81,,13312,,604564.3519,,604583.3811,43268.14645,32.1,836.553,4545.9,2588.77,11538,1131.95,,19.0292,10104.7,2.75684,9403.24,1714226.596,957414.94,2910.95,86872.6,3718.95,17197.3,759716.9139,192981.488,530.913,57.6979,759977.9616,604583.3811,3249.8,4886.92,46995.3,3.02644,25309.9,12323.5,107267,2758597.987,18505.6,615255,34329.9,31.8021,46746.2,16.0876,35.6297,63964.7,252.532,,6617590,114.709,4938.16,54547.3,78285.6,23290.7,7955.84
1995,17.2964,,7885.84,21420.5,2768.73,284590.375,17009.1,102195,2427.42,9.95821,37.4865,112637,9560.78,9117.49,1847.7,12157.7,4947.61,8432.06,85432.8,13564.6,1951.66,160.252,1663.95,14837.1,160.494,25.1052,20551.2,355036,123.837,4191.14,1154.71,5429.5,37658.1,109622,167558.99,5613.28,,14502,1075420,12079.7,14466.4,6688.78,52588.7,203.41,103.164,3051.81,7751.4246,10418.5,,19.8684,523.483,11643.6,92567.9,489.385,37.2943,8201.11,6761.38,39603,1646379.887,1912841.264,1891603.106,822530.93,1436084.526,14257.7,31508.1,359600.16,2012.04,32669.6,2109.85,41854,633465.45,409088.7099,10203,734.493,74225,34.6663,27.1545,3983.63,104042,4116.25,8983.21,5.47264,8398.94,659.246,914.178,788.354,7711.16,26.5793,25.5508,5359.27,52.6878,1684.55,1694376.48,2101.75,4029.31,482198.855,3905.02,3777.17,7479.56,3892183.643,4947400.211,1055216.568,355831.9879,200127,699384.5801,,542270,,14497.6,69153.8,13291.3,332.433,2418.48,46489.8,1403.21,1224.59,59942.8,43664.5,21676.7,3698.14,15970.2,11.2032,28.7572,30069.4,,10204.7,771748.0719,8250.26,807.64,771.495,15680.4,38.2506,810102.7029,661584.4645,372956.239,,11606,1656248.886,4850487.88,1184.24,2499653.607,5156.03,1249.17,3155.76,103.76,,8301.61,,3863.14,17089.7,29.0169,283766.432,98827.1,5.72594,4477531.641,1464.52,10426.4,209.257,89854,200692.645,,8988.85,6.46383,10706.7,3610.57,220.616,3873.99,28345.1,714152.1052,3309.89,197.506,5314.21,76429,4634.88,29441.9,16260.7,20748.7,2.2334,27143,1712170.053,6834.25,34625.4871,101204,2936.84,14553.4,44796.2,1.24641,2114.98,85033.2,529307.549,1821.92,17775.1,10570.9,16462.2,2612.326,1595656.801,77.7781,5034.04,28410.1,485644,1552.51,770331.0669,39412.3,55134.1,6184.74,1550.06,1406.45,2663.84,2694.97,,13657.4,,638805.279,,638824.4212,44989.2377,32.876,923.12,4445.28,2655.99,11586.1,1149.72,,19.1422,10613,2.87808,10161.1,1628597.062,911469.15,3081.4,85439.7,3595.79,16574.5,797485.8656,200692.645,602.546,55.0303,770331.0669,638824.4212,3095.25,5086.01,48599.9,3.08225,27570.4,12960.5,103737,2821282.755,18492.8,604505,34783.8,32.3437,49306.8,16.3201,35.9653,66075.9,253.399,,6556730,112.308,4933.81,55254.3,81608,24090.6,8219.76
1996,16.964,,8611.68,20902.9,2618.41,292685.001,18626.2,101400,2561.53,10.1199,37.1301,113515,9454.04,8898.35,1897.05,11715.8,4930.25,8680.18,86646.3,13735.8,2074.81,164.748,1445.33,14268.2,167.411,25.3665,21495.6,350573,124.024,3898.59,1154.01,4568.76,36284.9,97909.6,165075.77,5576.61,,15107.4,1093470,11969.2,14437.5,6418.21,53947,208.382,96.5254,3049.7,8221.1591,11183.7,,20.3431,539.594,12822.7,89067.1,510.57,37.4822,8204.4,6970.82,40620.6,1639226.694,1914984.762,1882973.217,829930.05,1452402.925,14535.6,31851.3,371658.882,2237.48,32780.8,2232.42,43071.1,642389.462,371880.1184,9998.77,733.788,89094.1,34.8553,27.3877,4245.68,103571,4362.7,9083.59,5.51471,8852.78,662.956,904.561,860.811,7807.91,28.2216,25.8362,5473.29,53.8501,1677.45,1689907.471,2311.17,4169.24,458306.6692,3839.25,3890.28,8684.53,3922126.025,4941867.503,1019741.478,366669.2048,196284,653072.2732,,547580,,14682.3,71513.6,12662,337.605,2483.79,47515.5,1381.85,1279.84,56805.6,51002.7,20883,3863.25,14982.5,11.5327,29.8266,30882.5,,10365.8,775663.2204,7109.17,844.039,815.302,16057.8,38.4009,815487.7617,615363.893,352603.591,,10063.4,1642050.512,4849896.394,1126.68,2523893.631,5082.84,1028.37,3166.83,107.273,,8576.52,,3692.43,16644.7,29.8054,292895.697,100990,5.94492,4497292.803,1488.66,10622,217.008,69498,205678.219,,8385.44,6.83759,9338.05,3815.52,223.829,3686.54,27965.8,696626.9665,3154.96,198.852,5462.22,82757.3,4624.33,29275.2,17332.7,20859.9,2.28579,26946,1705705.475,7162.94,34470.7897,105642,2928.68,14838.1,47850,1.26992,1839.66,79021.2,507135.29,1878.61,17280.8,10787,16733.4,2649.19234,1586183.835,78.1545,5720.73,29276.9,490520,1655.71,780587.0954,40566.2,56007.4,6338.66,1596,1439.78,2679.54,2938.7,,13972.4,,618811.1146,,618830.2013,45341.14114,33.5882,914.578,4547.92,2665.38,11574.8,1186.33,,19.0867,10976.3,3.00656,10129.6,1621938.06,912790.5,3235.42,83897,3434.59,15969.5,802043.4271,205678.219,463.498,55.3492,780587.0954,618830.2013,3587.25,5678.36,49428.6,3.11311,24480.4,13046.9,98528.7,2855242.291,18802.3,598692,34834.4,32.7867,51643.6,16.5462,36.3927,67543.8,256.289,,6551630,112.452,5107.29,56103.7,63261.3,18974.7,8862.55
1997,21.5183,,9213.6,15071,2458.46,305629.756,18717.4,102577,2613.39,10.2618,36.9801,118625,9247.57,8875.62,1921.63,11367.9,5039.62,9006.01,87234,13552.9,2184.4,166.832,1888.93,13965.1,162.969,25.3834,22156.9,354875,111.406,3914,1056.38,4458,37143.3,98142.2,162257.35,5386.85,,15788.5,1066800,12334.1,14660.8,6504.94,54285.8,212.202,101.509,2982.19,8140.7765,10960.8,,20.6478,553.73,12637.7,86764,520.461,37.6209,8267.02,6948.17,41836.6,2346324.265,2660169.989,2593521.547,770373.27,1384011.152,13883.5,32661.9,367650.585,2496.91,34068.4,2253.59,44544.9,631708.845,386569.2836,10153.1,729.066,87244.1,35.0364,27.5759,4048.04,99823.3,4080.54,9326.67,5.58602,8327.05,661.934,902.979,1216.11,7979.63,28.7837,26.1022,5411.78,55.0175,1662.19,1681288.681,2517.45,3951.16,460883.2514,3854.8,3925.14,8603.44,4573221.482,5610057.266,1036835.784,381523.2508,912857,655312.5332,,550939,,14852.2,73530.6,16393.6,338.767,2519.57,47213.4,1360.76,1283.06,54159.4,40284.7,21174.7,3452.46,15369.2,11.7932,32.2536,31419.3,,10713.5,785531.1348,7393.34,857.373,898.083,14275.2,38.5637,825944.7315,611698.738,352182.698,,9841.13,2377111.416,5517974.57,1105.45,2459206.074,5105.41,1115.74,3088.53,109.757,,8869.6,,3514.06,16552.1,30.6196,305369.669,102966,6.04316,5165791.872,1432.06,10941.4,225.205,68861,213188.734,,8555.4,7.22101,9044.58,4074.16,226.147,3615.32,29763.9,687839.5834,3242.64,198.313,5622.44,81362.7,4832.87,27868.2,17419.3,20888.6,2.34118,27280.9,1696297.187,7820.73,37580.1236,108132,2747.06,14946.7,47845.5,1.29147,13662,78270.2,504259.982,1951.06,17178.4,11163.6,16856.4,2670.58989,1568131.888,77.6425,8603.23,27504.5,451678,1848.37,787335.3296,41396.9,57945.5,6496.39,1602.79,1462.4,2823.19,2850.64,,14303.6,,615221.8374,,615241.24,48391.48999,34.3934,851.938,4585.67,2800.61,11544.4,1229.72,,19.4026,11527.9,3.13446,10847.5,2329137.944,852498.27,3354.52,86462.6,3375.75,10616.5,812655.7485,213188.734,441.214,55.3256,787335.3296,615241.24,3617.28,6080.37,51667.1,3.14938,23866.3,13375.6,94233.3,2788680.456,18610.4,589672,35179.9,33.1995,54198,16.703,36.8814,68456.2,258.949,,7211170,112.655,5352.07,58028.1,58314.7,18100.2,8816.33
1998,17.3478,,9700.17,16087,2371.49,312192.254,18896.1,100269,2552.16,10.3686,36.7529,116914,9154.76,9117.41,1968.26,11113.1,4245.88,9210.4,85824.8,13685.2,2302.05,168.87,2193.35,14006.7,158.402,25.6326,19195,376882,113.956,7163.45,1070.87,3974.15,22640.2,114948,151473.77,5328.37,,15907.9,1060240,12005.4,12960.5,6793.18,54309.2,218.516,108.039,3048.23,11051.6223,10597.6,,21.1306,561.923,11965.5,83020.1,533.015,37.801,8235.8,6956.29,42815.6,1717444.883,2069979.373,1961985.434,810146.42,1403940.551,13643.3,31934,362181.116,2537.6,34447.1,2172.74,46980.3,611247.286,379135.9017,10373.8,717.331,86242.5,35.2059,27.6765,4683.56,95210.7,4085.33,9041.54,5.659,8178.71,656.411,951.383,1467.1,8166.56,28.3198,26.3359,20745.8,56.0646,4210.27,1665448.173,2612.69,4004.87,474129.3647,3799.62,3976.77,8421.45,4026091.028,5089256.494,1063165.466,371630.4733,276717,691534.9924,,553240,,15125.2,73552.6,19282.9,341.257,2588.64,46822.3,1357.77,1345.57,50834.7,36540.6,21985.9,3363.82,20428.4,12.0775,31.7411,31037.5,,10337.5,839578.8723,19708.2,888.003,1001.58,13670.8,38.8302,880256.8882,645506.8756,361416.41,,9315.24,1764389.771,5003505.827,1098.87,2523764.811,5161.28,1030.59,3027.51,112.262,,9018.37,,3488.61,19526.7,31.7283,310888.941,117134,6.07223,4642089.417,1401.28,11545.9,225.183,70730.5,217224.298,,8608.3,7.60252,12347.7,4255.32,231.032,3962.97,37635.1,692751.6326,3297.06,199.024,5819.35,78417.4,5904.26,26750.4,16836.5,20895.7,2.40212,26669.8,1690580.647,7701.88,42202.0298,111268,2937.43,15717.5,44694.8,1.31056,2480.12,70049.2,516452.248,1997.38,15813.5,11710.9,14961.9,2612.51804,1551209.244,79.776,9446.69,26116.1,498651,2030.76,791346.5083,42166.6,58688.8,6647.59,1572.59,1411.26,2816.77,2728.94,,14507.1,,627764.8457,,627784.0455,55866.17014,35.0247,769.644,4327.74,2747.43,11582.6,1151.4,,19.1998,12221.6,3.28609,10694.2,1701623.416,883995.24,3084.78,84499.7,3292.67,10620.3,867282.9863,217224.298,461.378,55.3717,791346.5083,627784.0455,4065.52,6463.48,52564,3.16743,30653.7,12953.7,89749.6,2877699.645,18259.8,577778,36346.8,33.7453,59932,16.8946,37.4368,72807.4,261.833,,6681100,114.016,5498.36,58883.5,66608,21569.8,9241.81
1999,17.5546,,10305.9,16092,2356.87,324941.756,18716.3,98301.3,2619.24,10.4723,36.6888,121783,9106.53,9700.05,1496.81,11322.7,4658.25,8627.91,89556.1,13626.7,2343.82,171.277,2253.68,13819.6,168.345,26.0423,37456.8,361634,117.105,3964.27,1247.89,4125.6,24269.5,104782,146705.22,5155.53,,16781.9,1055950,10615.9,13175.4,6206.47,52083.4,225.634,110.689,2951.05,8702.5078,10507.8,,21.7186,563.91,11590.4,80165.7,553.419,38.0761,8068.54,6222.55,45719.1,1629126.443,2014989.909,1873672.162,767033.03,1347097.021,13615.4,34649,356930.819,2654.75,34519.9,2083.91,48255.8,596872.789,392400.3402,10300.5,705.884,86240.1,35.3786,27.7621,4202.04,90860.1,4046.44,8655.3,5.72702,9487.69,674.76,1034.28,1582.07,7895.14,29.6204,26.55,6035.92,57.189,1229.39,1634148.941,2639.52,3254.56,473937.6636,3801.56,4042.36,8328.87,3854351.634,4941083.299,1086731.665,392522.293,181938,694209.3722,,571165,,14836,75274.5,21376.8,342.365,2643.68,46445.5,1371.43,1339.37,49494,33252.5,23128.5,3409.16,15969.3,12.4039,31.546,30620.3,,9617.03,801541.311,17160.3,893.603,1103.74,12584.8,39.1605,844085.1432,653262.8744,348980.694,,9895.28,1719366.43,4857392.755,1222.21,2442864.95,5023.55,1026.6,2937.6,114.338,,9319.88,,3354.89,19053.2,32.9014,320368.301,102975,6.10129,4508412.061,1381.64,11651.9,228.749,92598.9,226461.252,,8915.58,7.98395,11161.7,4578.15,232.025,3776.36,29006.1,673069.0423,3982.46,200,5967.7,77210.7,5194.69,25423.8,16708.7,21328.6,2.46328,26464.4,1648637.295,8478.57,42129.1223,114609,2769.95,15528.8,49218.1,1.32687,1574.1,67079.7,503443.576,2038.73,16813.1,11805.3,18689.7,2557.64233,1522440.101,81.6546,11774.1,25227.6,455382,2161.86,818140.6714,40104.8,63112.3,7151.48,1586.38,1362.73,2495,2888.29,,14804.3,,615090.0476,,615109.3559,53389.27243,35.8096,631.204,4291.81,2713.52,11358.5,1144.49,,19.3083,12307.7,3.44505,11475.1,1612305.334,837914.29,3188.51,84348.6,3297.66,14283.1,831152.3958,226461.252,402.412,56.583,818140.6714,615109.3559,4804.45,6685.61,54224.7,3.20689,26289.7,13687.4,88243.8,2789045.632,18464.3,568261,36553.4,34.215,53848.3,17.0927,38.0244,72666.3,264.709,,6503140,114.472,5757.47,59353.1,50887.2,19834.1,10250.2
2000,18.0514,,9384.18,15758.3,2608.8,338834.635,20332.7,99214.1,2565.36,10.5692,36.6767,128133,8984.8,9954.63,1504.84,11079,4503.77,9039.73,89247.2,13783.3,2382.55,174.776,2671.65,13322.3,166.999,26.5171,19765.7,343027,121.071,3881.73,1032.4,3941.21,26663.3,102170,154148.33,5126.48,,16928.8,1043400,14236.9,15842.9,8049.6,55118.5,223.896,110.729,2916.91,9304.4753,10561,,22.2267,568.197,12956.9,76208.1,560.647,38.1384,8129.1,6236.76,45052.6,1572385.765,1976094.069,1821939.899,799141.03,1378611.883,12850.3,35956.5,352961.295,2682.25,35113.6,2136.19,46191.8,595781.105,387638.2169,10342.7,704.812,85646.7,35.553,27.8322,4082.01,86355.4,4137.41,9627.91,5.7897,8817.27,721.813,961.043,1685.48,8099.65,30.6928,26.5386,19384.7,58.318,1079.4,1633977.586,2694.52,3446.92,481578.0941,3953.48,4132.52,8241.43,3865803.895,4933836.388,1068032.493,390641.7237,170032,677390.7696,,561733,,14896.6,79768.5,22328.3,336.525,2695.48,46791.1,1376.24,1399.35,47496.1,38778.7,22283.2,3485.7,14984.9,12.783,32.5659,30916.4,,10368.8,783927.1257,7219.39,904.602,1155.65,13092.2,39.5805,827160.27,632014.1089,364886.792,,9606.1,1677155.941,4844225.731,1148.95,2455355.209,4999.93,1018.69,2839.51,114.222,,9600.26,,3253.46,17889.6,34.2157,337183.817,103267,6.13391,4479338.939,1489.65,11686.3,230.238,66941.7,234289.549,,9217.95,8.35745,12970.3,4735.44,246.582,3908.24,29308.9,658805.5171,4581.63,199.529,6123.12,82741.6,5564.9,24411.9,17311.7,21206.1,2.52435,26583.9,1640942.345,10332.3,43823.9287,117125,2789.36,16352.6,49911.2,1.34017,2000.91,72793.5,534962.903,2100.72,17323.7,12289.6,15184.3,2593.57933,1503816.818,84.1631,13258.2,25139.3,465970,2015.96,809368.1957,43294,64406.4,7077.53,1684.38,1394.02,2356.7,2797.48,,14979.3,8650.9,645114.0651,,645133.735,55721.98333,36.9521,617.973,4433.69,2871.1,11467.4,1193.08,,19.6699,12605.4,3.62848,11831.5,1555054.02,875888.01,3439.56,83563.8,3303.67,21241.2,814102.8783,234289.549,449.991,58.0349,809368.1957,645133.735,5555.71,6883.29,56261.3,3.2168,29123.6,13606.4,85290.3,2802182.997,18183,556609,37233.4,34.652,57933.4,17.2775,38.6406,75429.7,267.267,,6480650,115.615,6137.9,59465.2,63695.2,18099.7,9671.62
2001,18.4167,,8666.5,15496.9,2345.23,338279.927,19986.8,98515.1,2533.7,10.6934,37.488,136147,8892.31,10274.2,2089.83,10709.9,4433.23,10043.7,90645.8,13442.5,2457.67,179.165,2216.68,13379.9,165.936,26.8384,19566.8,367626,106.719,4047.02,948.136,5161.82,36482.5,103053,153062.77,5150.73,,17474.7,1051690,13551.2,16304.4,9139.07,54537.8,231.328,114.009,2848.72,9937.2049,10205,,22.6983,584.682,12952.2,72517,568.698,38.3377,8257.54,6586.18,42262.7,1641941.5,2047911.194,1898798.539,795333.86,1362271.9,13291.9,36709,347076.291,2554.21,35629.3,2156.4,46830.3,581838.681,417426.9506,10263.4,717.243,85318.1,35.7164,27.9822,4526.54,79457.3,4185.87,9748.84,5.82586,10259.4,784.369,1088.48,2182.04,8230.93,31.2772,26.716,6157.78,59.4542,1307.19,1626720.656,2705.4,3598.96,493430.9712,4076.02,4223.04,8250.43,3931794.272,5044562.114,1112767.842,395954.0532,203333,716813.7883,,568476,,15019.4,80690.7,22341.7,342.69,2766.27,44644.3,1270.89,1379.13,46170.3,40549.2,22897.6,3473.02,15981.2,13.0803,33.0917,30796,,9983.85,803790.6512,7828.31,913.621,1274.89,12532,39.892,848007.064,671376.515,375336.297,,9249.79,1735994.3,4954326.424,1123.95,2486843.038,4856.21,1094.93,2930.62,115.698,,9659.44,,3159.85,17378,35.4044,335936.048,108353,6.19564,4578990.127,1450.78,12415.3,233.419,92155.4,231737.739,,7928.15,8.73839,12013.5,4942.44,261.133,3885.75,28515.1,654490.8384,4296.71,200.42,5951.29,84872.5,5547.16,24013.3,17608.1,21227.4,2.58734,26818.7,1637553.84,12250,46371.7049,119015,3145.51,15281.7,50934,1.33863,1891.23,72471.3,548842.783,2141.65,17805.8,12449.5,17946.1,2657.4477,1489337.584,84.2617,13459,24394.5,470194,2117.38,818264.0304,43061.3,65621.6,7207.61,1869.86,1438.42,2790.2,3001.94,,15238.9,,663258.6432,,663278.6595,58966.3575,37.6142,718.647,4624.87,2907.72,11460.6,1112.22,,20.0163,11401.9,3.83752,11677,1624127.594,871881.18,3321.49,84689.2,3338.53,23389.3,835272.9109,231737.739,598.356,58.2171,818264.0304,663278.6595,5973.48,7045.49,57211,3.22649,31105.3,13728.3,81889.1,2842995.827,18168.5,551411,37906.5,35.0913,59750.7,17.4252,39.2414,75926.2,264.887,,6591630,124.27,6233.36,60554.3,58373.7,17900.2,10137.6
2002,18.9009,,9929.43,15694.8,2333.22,346077.394,20738.6,95893.3,2604.24,10.8147,38.0691,132305,8792.2,10584.2,2130.5,10250.1,4994.05,10031.4,92039.3,13037.5,2568.28,182.339,2286,13442.4,173.831,27.2319,23336.2,388268,105.882,4015.77,1010.49,5879.15,23758.8,106819,152351.85,5084.65,,17621.8,1085790,13371.7,13538.7,6029.82,55418.2,237.322,116.837,2767.41,10765.559,10516.8,,23.1942,611.301,12555.4,68773.2,572.888,38.4424,8107.79,6719.89,42247.1,1800364.614,2187908.88,2052437.483,824473.44,1379328.634,12961.8,39558.3,340219.878,2412.44,36121.5,2085.12,52417.6,568911.708,387864.5549,9912.66,696.958,83934.8,35.8831,28.1382,4155.5,75188.1,4210.1,9243.07,5.83843,10279.8,789.694,1031.62,1885.77,8161.68,32.3986,26.6675,7229.09,60.6005,1234.65,1618808.84,2730.45,4179.87,490936.4943,4182.29,4165.97,8433.15,4157524.407,5251474.064,1093949.656,396054.2561,342524,697895.4004,,565939,,15004.8,83799.7,20744.3,331.714,2831.48,43642.7,1267.93,1484.08,44220.2,46805.7,23513,3533.02,17705.4,13.4642,33.4498,30797.5,,9686.36,827134.4791,8610.42,945.674,1248.1,12341.2,40.2137,873030.8534,651712.3544,371865.926,,9543.28,1859669.757,5160261.231,1318.61,2578565.612,5105.07,1050.96,3416.83,116.691,,9684.07,,3427.34,15615.8,37.253,344363.179,112133,6.27855,4788395.305,1430.1,12005.3,235.167,68437.6,236222.592,,6474.45,9.11385,10821.4,5070.14,256.341,3957.6,31533.8,657823.2319,4522.03,202.707,5151.85,78177.8,5644.02,22986,18036.2,21432.3,2.64532,27434.5,1627995.024,12937.5,47671.1619,122897,3155.57,15422.8,50168.1,1.33359,2036.85,71689,529106.639,2178.72,17479.9,12593.1,16365.9,2642.26197,1475265.489,83.9911,14223.5,24304.8,489125,2192.47,822828.053,44919.7,67796.9,7151.26,2154.59,1444.6,2598.07,3229.05,,15476.2,,649238.0523,,649258.6359,61078.98287,38.5383,800.922,4547,2995.69,11193.8,1120.82,,20.5836,11434.8,4.05909,11861.5,1782876.545,900344.73,3625.11,85723.5,3396.62,25542.9,859943.508,236222.592,606.863,58.3012,822828.053,649258.6359,6781.81,7095.08,57967.4,3.26591,29812.3,13772.5,80947.7,2928725.548,18850.7,550977,39495.2,35.6214,56103.6,17.5834,39.8668,80623.3,262.719,,6789740,124.558,6315.4,60547.1,65881.7,18103.1,9603.94
2003,19.3188,,10350.6,15589.8,2473.19,360946.249,21960.5,101066,2712.88,10.9261,38.6174,125529,8704.1,11059.9,2133.74,9916.4,4124.69,10453.4,92994.3,13144.4,2627.62,186.35,2635.67,13221.3,183.814,27.5822,19758.9,419110,104.898,4266.33,912.517,4367.6,26071.8,111137,153352.34,4975.49,,17592.6,1146530,10335.6,13444,6569.63,56243.4,235.417,121.228,2729.54,13202.628,10161.6,,23.6308,626.972,12443.7,66316.7,578.238,38.4745,8054.53,6640.31,45121.9,1738491.703,2120768.242,1983852.581,853751.06,1400142.371,14226.8,41953.9,335580.051,2464.94,35996.6,2187.09,50938.2,561676.101,380457.9051,10028.9,688.843,83341.7,36.0519,28.3019,4542.76,70993.1,4269.92,9140.1,5.87704,8858.55,659.429,977.131,1992.02,8202.29,32.9079,26.9025,12528.4,61.6726,1303.02,1620452.652,2758.53,4782.54,479710.4971,4394.83,4148.23,8384.69,4192632.273,5294746.583,1102114.31,404907.7815,216483,697206.5288,,575287,,15913,92682.8,18690.9,335.338,2929.96,42622.2,1307.01,1588.4,43401.2,48473.5,24373.8,3554.55,18474.1,13.6906,33.8611,31131.5,,11323.4,869371.8715,8273.89,965.734,1242.8,14033.9,40.5166,918128.7455,652242.7643,366517.437,,10086.1,1764732.217,5200590.664,1306.57,2703475.739,4996.95,1043.92,3071.81,118.447,,9993.33,,3564.44,17107.7,38.5894,368705.601,112895,6.386,4834073.227,1443.97,12613.7,237.049,72658.4,251199.372,,6184.46,9.48354,11820.5,5188.64,259.026,4060.61,30951.4,662416.5822,4754.09,203.625,5257.9,83059.6,5950.79,22046.9,18486.8,21815,2.7004,27539.7,1619327.888,13988.7,48299.0011,129409,3147.6,15854.5,50882.1,1.32612,1679.55,71581.5,525591.957,2220.35,17811.2,12949.9,16081.4,2640.94683,1462837.321,85.8599,15442.1,25769.8,509646,2422.07,840893.1064,48996.9,66998,6990.25,2170.82,1450.88,2677.78,3085.22,,15668.4,,646883.5511,,646904.3277,64142.57593,39.5401,712.254,4377.38,3000.19,11329.5,1112.84,,20.7766,11723.1,4.29729,12904.6,1720672.277,929727.39,3096,84480.2,3507.24,28390.6,905350.11,251199.372,658.73,58.4972,840893.1064,646904.3277,9186.36,7033.88,59616.2,3.26761,32596.9,14909.5,80026.2,3069341.01,19288.4,551252,40241.3,34.5445,57309.1,17.739,40.4516,80775.5,262.154,,6831780,124.9,6833.29,62778.9,52897.5,18517.4,9208.9
2004,19.803,,10521.4,15809,2470.02,372186.321,22552,101501,2826.69,11.0623,39.402,126732,8571.02,11330.6,2231.44,9906.04,4369.94,11059.7,91778.3,13134.3,2690.75,191.765,2580.15,13458.6,178.063,27.9943,55862.7,459552,99.5031,4135.8,1016.32,4429.64,24080.1,114500,151905.42,4977.71,,17745.3,1251300,10706.8,13852.6,7337.06,57499.5,240.104,125.179,2682.46,14449.135,9916.92,,24.1004,624.11,12352.3,63719.1,585.847,38.5698,7963.01,6721.98,44789.9,1918617.082,2228019.065,2165409.333,833173.61,1368943.102,15334.9,43511,330208.618,2578.31,36127.1,2256.76,50999,551675.658,413771.3694,10082.1,692.606,82963.7,36.2262,28.4973,4451.39,67625.8,4329.9,8786.07,5.872,9168.92,734.488,1058.66,2459.93,8257.96,33.2486,27.0288,6259.31,62.7558,1328.64,1614883.069,2791.73,4898.77,528275.8935,4495.01,4174.05,8273.52,4367105.57,5556343.481,1189237.911,456852.6175,250429,732385.2936,,577716,,15335.7,97272.1,21282.6,332.736,3326.97,41060.5,1318.96,1700.95,42963.2,52018.2,25584.2,3540.17,19519.1,13.9656,34.3194,31591.1,,11866.6,938418.1455,12940.8,975.86,1328.26,14725.4,40.8795,988750.4555,686772.1647,377393.942,,9113.36,1869501.136,5462420.713,1090.1,2849920.073,5053.58,993.759,3119.34,121.722,,10366.5,,3534.88,16280.4,40.0747,384455.786,110196,6.51885,5085026.771,1476.08,13488.9,242.839,90593,261129.127,,6022.86,9.85446,11787.3,5284.84,271.391,3970.96,34816.1,658640.9943,5051.16,205.058,5311.73,84941,5775.63,22270.2,18231.3,21977.6,2.75705,27658.5,1606315.335,14011.1,51801.6907,134273,3207.01,15691.7,52140.7,1.31742,2106.86,69934.9,544541.84,2205.36,18331.6,12479,15224.9,2644.74886,1446314.695,85.8839,18028.9,26139.9,486820,2618.07,846436.0547,50607.5,67288.7,7396.64,2215.46,1453.31,2746.95,3124.67,,15758.8,,664646.6935,,664668.056,68895.57456,40.3615,974.092,4172.25,2973.56,11548.3,1201.28,,21.3625,11908.3,4.54123,13684.7,1900277.177,907603.52,3115.2,88673.4,3674.12,28724.3,976229.5469,261129.127,672.508,58.722,846436.0547,664668.056,10136.7,7136.61,61961.6,3.26864,30754,14430.1,74231.7,3215525.634,19772.6,544113,40922.4,34.9926,56847.2,17.8867,41.0292,88418.1,257.432,,7088150,126.354,6874.06,63995.3,63674.2,19551.4,9522.42
2005,20.1826,,10698.7,16358.6,2477.05,390212.534,22769.4,100126,2960.23,11.216,39.6399,122172,8456.51,12102.3,2279.68,9623.69,4377.31,11746.2,94197.9,12778.3,2779.46,196.505,2665.65,14045.8,187.507,28.3213,29842.8,492336,103.249,4570.73,1033.11,4657.86,25739.8,108519,151229.7,4954.17,,18196.6,1327790,12474.4,13699.5,7691.02,57745.4,245.037,128.311,2434.86,15091.9988,9274.16,,24.5612,617.519,12053.9,61764,590.597,38.6835,7956.82,6692.43,46737.3,2049230.634,2293015.296,2291621.375,853546.98,1381825.409,15134.3,47959.3,326534.541,2613.57,36314.9,2212.28,52959.6,544631.481,407248.5884,9759.9,696.368,82911.6,36.4144,28.646,4297.98,64805.1,4413.11,9975.34,5.87459,10108.6,754.406,1067.62,2530.45,8214.62,33.8493,27.2057,8403.52,63.8273,1314.02,1598499.935,2825.07,5221.15,521596.5153,4516.48,4255.44,7899.94,4584565.428,5770384.431,1185819.003,443735.5859,307454,742083.4168,,584676,,14959.6,100291,20658,335.815,3452.45,40144.7,1303.35,1831.84,42255.5,54343.5,25614.8,3591.26,20476.5,14.2037,33.929,31986.6,,12945.7,951767.3359,10797.5,1022.76,1317.34,16454.6,41.1707,1003512.979,693266.5016,389348.323,,10292,1923915.413,5674713.585,1215.92,2993506.657,5042.95,1053.29,3104.89,126.258,,10601.4,,3538.93,19215,41.6547,402199.249,113875,6.65903,5285365.262,1417.65,13685.5,244.332,78231.2,273078.907,,6291.43,10.224,13749.5,5367.73,273.247,4116.02,36582.9,646943.3213,5251.26,206.743,5979.32,84367.4,6044.09,21419.7,17287,22316.9,2.81398,27516.3,1588756.335,14555.1,53582.732,138674,3224.99,16676.3,53173.1,1.30843,1913.68,70600.3,559628.645,2220.95,19300.6,13646.3,15798.5,2640.60018,1418476.369,88.1548,18799.8,25976.9,494483,2520.2,861930.2647,53574.1,70660.8,7661.71,2274.45,1443.74,2472.49,3152.02,,15727.5,7563,685159.4633,,685180.9223,71315.33098,41.2023,670.266,4063.57,2980.19,11509.2,1195.96,,21.459,11896,4.77212,12915.6,2029921.632,928663.76,3731.82,89549.1,3885,29543.6,991608.9448,273078.907,676.722,58.9654,861930.2647,685180.9223,11094.3,7248.34,64354.9,3.26964,33609.9,16840.2,70939.1,3361449.849,19751.3,538396,42467.7,35.5294,57906,18.0281,41.6264,94344.9,257.924,,7275910,126.702,7787.77,65389.4,57684.8,21191.6,9657.96
2006,20.6759,,10869.9,16603.7,2485.28,416619.453,23928.4,100025,3084.15,11.3831,40.1914,119085,8432.23,13077.1,2353.09,9584.15,4526.1,12228.7,95019.6,12652.3,2925.18,201,2801.77,14442.3,189.883,28.7162,19181,407314,101.042,4499.68,1256.19,3850.23,91775.7,107954,151176.18,4945.07,,18389.4,1392640,13177.9,15852.3,6577.9,59691.2,251.857,131.823,2344.76,16792.3363,8880.39,,25.1067,615.024,12005.9,60063.7,596.296,38.8951,7845.84,6742.77,47475.3,2326074.374,2514566.61,2565922.693,856329.24,1378142.134,15134.6,49735.3,322608.419,2677.62,36073.1,2221.86,58429.7,538722.909,529318.8177,9802.92,699.988,83231.6,36.644,28.811,3525.15,63013.5,4527.67,11069,5.96599,20239.9,765.623,1199.36,2600.82,8274.23,34.3655,27.3832,6176.92,64.911,1164.88,1599560.562,2871.43,5181.01,637092.0249,4741.54,4317.27,7789.31,4785629.975,6106188.244,1320558.269,451993.3925,515945,868564.8768,,589705,,14963.1,104671,21332.7,353.287,3716.15,38872.4,1314.89,1954.06,41940.2,57613.3,26382.8,3539.99,24196.9,14.5038,34.4144,32483,,13198.6,852942.7885,8621.94,1040.91,1484.91,17560,41.534,907165.6523,817622.0164,497917.6,,10361.2,2164468.637,6008238.734,1207.95,2983688.056,5096.41,1070.37,3164.91,129.756,,10883.4,,3468.77,16887.4,43.5534,418018.421,112932,6.80626,5510321.134,1408.39,14234.3,247.165,75320.3,283115.526,,6500.67,10.5398,7857.2,5463.29,280.004,4124.78,33523.8,648751.7162,4441,207.621,6027.77,93048.5,5978.06,20875.8,17130.1,22547.3,2.86459,27816.9,1583555.277,15302.9,53849.6276,142329,3276.79,16722,54013.3,1.31332,1956.89,69934.2,689730.847,2226.77,19442,12958.7,14562.8,2643.61844,1411152.984,89.0267,20850.2,26509,495215,2652.59,872131.7434,54734.3,85745.4,7723.03,2285.02,1440.34,3505.4,3194.83,,15774.8,,817645.0619,,817666.9352,73285.58234,41.9249,594.373,4088.4,2972.35,11622.9,1237.84,,21.8733,12126.7,5.0207,17305.7,2306623.855,931004.98,3391.76,91237.3,4073.42,30054,895645.2043,283115.526,685.737,59.2148,872131.7434,817666.9352,13000.8,7401.5,67179.7,3.27067,25245.3,16243.6,70251.4,3345852.497,20118,540769,43945.7,36.0679,57872.5,18.1798,42.2629,99338.4,258.834,,7617940,127.672,8338.36,65470.7,95370.3,20195.7,8464.64
2007,21.2466,,11049.7,16551,2505.74,458840.654,24537.1,97783.6,3105.73,11.663,40.713,135612,8384.12,14806.8,2413.61,9547.3,5598.09,13396.2,96499.6,12461.8,3058.41,206.223,2944.54,14870.9,191.835,28.9614,19943.6,412677,103.08,4333.04,1118.85,3936.47,147533,107975,148084.54,4953.02,,17972.4,1444170,13617.4,23834.6,8726.67,61599.7,255.213,135.212,2254.63,17385.5448,8605.03,,25.8743,615.067,12055.6,59594.5,602.611,39.1296,7816.61,6724.89,46547.4,2103491.555,2267844.046,2359554.586,873929.42,1390279.955,14932.4,50232.2,321012.439,2775.95,36302.2,2253.78,58801.7,532665.669,728299.4266,9668.94,703.696,83077.9,36.9227,29.0178,3158.59,61771,4653.34,16676.1,6.09866,21987,1043.62,1266.32,2737.94,8315.35,34.6336,27.5719,6320.54,66.0797,1252.71,1616106.053,2921.37,5312.21,867143.4575,4871.85,4433.32,7553.27,4576953.774,6168473.498,1591519.724,482620.7585,214323,1108898.966,,598069,,14617.4,107983,21243.2,368.955,3839.94,38418.8,1322.38,2081.66,41599.6,59418.7,26544.6,3605.24,41364.7,14.8733,32.1513,32663.7,,12692,863651.6575,8174.71,1060.39,1612.7,17615.1,41.9093,918176.6188,1051174.206,669767.313,,11011.3,1969027.984,6071427.038,1228.99,3062703.738,5095.97,1116.44,3170.82,134.62,,11080.8,,3425.5,17821.1,45.3725,424225.083,114028,7.00481,5401659.725,1381.05,16597.5,248.802,77548.2,286080.031,,6710.63,10.8867,8173.63,5589.7,284.473,4165.46,33488.2,650999.9614,4907.13,209.507,6242.81,102391,6117.7,20543.4,17682,22806.1,2.92686,27618,1600619.595,15236.2,57495.7848,146915,3322.56,17268.9,55297.1,1.31817,1814.82,66911.5,922027.376,2244.06,18003.3,13010.8,14494.5,2645.51553,1426174.555,91.0906,23870.6,26679.1,504013,2692.98,887514.9225,54662,125045,8466.37,2317.04,1434.31,4838.4,3093.8,,15797.4,,1056759.453,,1056781.964,77526.84513,42.7445,598.859,4061.56,2969.29,11532.5,1271.84,,22.5118,12355.9,5.27503,16451.2,2085479.519,945712.77,5397.15,95354.4,4307.68,31847.1,906904.2918,286080.031,689.243,59.4959,887514.9225,1056781.964,13485.2,6801.62,70617.9,3.27669,25012,26989.5,68781.5,3432631.742,20327.2,542996,44503.8,36.721,61221.1,18.4005,43.1376,103899,261.185,,7697440,128.411,8476.15,66110,189678,20495.1,8467.99
2008,21.7437,,11224.4,17292.6,2516.63,448371.814,24457.4,97896.6,3234.91,12.0323,41.3407,122245,8304.94,16945.9,2482.8,9537.89,7086.59,13564,97832.1,12280.2,3195.54,211.842,3037.43,15344,193.103,29.4193,21016.2,421460,103.598,4652.14,1203.31,3875.37,97375.6,107850,146188.95,4946.62,,17995,1537220,14488.5,19927.3,6662.52,63054,260.502,138.742,2167.74,17577.2744,8411.36,,26.7298,613.006,11869.2,57668.8,608.952,39.3035,7863.95,6730.43,47436.8,2197373.405,2304172.502,2438316.798,902903.72,1413303.56,14780,52003.1,317568.17,2774.5,36484.2,2251.95,60262.2,526660.84,539630.9304,9516.14,707.061,82892.6,37.239,29.254,5247.7,61175.8,4708.22,22497.5,6.17776,33315.5,893.195,1218.46,2752.8,8212.55,34.995,27.7546,6363.84,67.3484,1377.05,1608517.024,2976.81,5415.81,674293.9231,4861.73,4492.07,7409.59,4732752.45,6127092.909,1394340.459,480276.5398,215937,914063.9191,,606364,,14414.8,109526,22677.2,367.133,3917.58,37392.2,1327.95,2203.39,40990.2,63557.3,27447.1,3664.47,32658.4,15.2245,30.9709,31073.8,,12817.2,876175.1528,8331.62,1089.56,1621.16,18067.2,42.2973,931051.0285,848936.7122,514063.007,,11351.4,1941119.795,6031746.113,1244.2,3199127.934,5159.29,1146.49,3191.92,139.82,,11254,,3375.96,18737.6,47.2629,439231.726,115609,7.22824,5517683.106,1376.2,17437.9,234.124,76510.7,292634.382,,6868.32,11.2675,8517.49,5713.89,290.975,4199.96,35305.8,655677.4193,4941.96,211.521,6252.73,96143.2,6198.6,20590,17700.7,23063.9,2.99448,27575.6,1590398.223,15623.2,64559.907,150647,3373.93,17283.5,56378,1.32378,1993.82,65405.2,717259.654,2262.27,18704.3,13029.7,14520,2648.07034,1410833.593,93.1814,28466.8,26832.3,511550,2741.11,901733.3729,57885.5,100992,9131.23,2337.69,1429.7,4635.27,3126.75,,15851.4,6726.4,860926.0801,,860949.2321,84785.25174,43.5661,594.389,4014.64,2912.93,11394.7,1292.13,,23.152,12497.9,5.51817,18129.2,2178660.067,973170.65,5866.03,97661.4,4507.7,32876,919945.2044,292634.382,696.937,59.7357,901733.3729,860949.2321,13543,6950.67,75649.4,3.28464,25359.6,20963.6,68324.6,3576563.311,20571.1,547798,46396.1,37.435,60628.8,18.6243,44.1381,106450,262.931,,7643170,129.333,8319.61,67234.5,69445.7,6121.19,8455.01
2009,22.2462,,11497.3,17997.9,2475.2,450868.358,25047,93113.2,3250.45,12.4112,41.8852,127532,8266.99,17922.2,2587.94,9586.1,7181.71,14147.2,99687.7,11969.9,3239.22,216.937,3090.91,15913.6,206.72,29.879,21009,421609,105.803,4429.97,1358.17,4163.79,73694.5,103829,145118.9,4897.93,,18106.9,1582750,14957.3,19356.5,7632.76,67210,276.714,143.475,2249.18,31138.8602,8564.51,,27.2527,620.403,11774.6,58669.3,615.884,39.566,7659.64,6954.39,47045.8,2335367.268,2393207.218,2581693.355,885428.58,1394170.44,15488.9,50895.5,317961.486,2802.03,36836,2230.35,62142.6,524429.636,517012.5526,8507.66,704.557,83638.8,37.5735,29.6316,3467.78,60726.9,4821.49,20037,6.31274,56318.7,963.673,1219.27,2827.08,8428.08,35.4705,27.9375,6441.32,68.6719,14406.8,1591646.617,3033.28,5653.59,687107.2708,4930.34,4518.52,7362.47,4865137.043,6269203.645,1404066.602,477650.8438,302828,926415.7584,,620918,,14220.9,112911,22985.8,383.443,3651.27,37243,1304.93,2125.72,40366.5,63765,27436.5,3822.6,29098.9,15.5948,30.2962,31492,,12230.5,888305.7988,8394.87,1110.48,1551.05,17740.5,42.4451,943339.2587,850349.4008,514139.877,,10973.9,2038691.549,6173705.707,1253.56,3263069.357,5079.98,1279.89,3259.72,143.61,,11300.8,,3362.18,19214.9,49.2024,443887.187,115122,7.45402,5659565.83,1350.1,17521.7,233.673,76868.3,294918.924,,7214.2,11.6763,9218.47,5856.1,296.328,4263.5,37721.6,632553.879,4935.38,207.438,6480.56,85897.3,6261.26,20156.3,17407.4,23517.9,3.06831,27948.1,1571083.383,15781.5,66321.4382,154356,3347.16,17913.2,57219.3,1.32889,2114.87,65319.7,708116.347,2312.21,18480.6,12757.3,15033.6,2630.13541,1391965.251,95.172,31543.2,26244.8,507742,2768.81,922358.1724,57241.9,101835,9296.24,2307.58,1427.43,3938.69,2984.23,,15809.3,,847326.9638,,847350.0328,100090.4338,44.4738,686.87,4057.92,2889.12,10479.8,1296.78,,23.069,12405.1,5.76022,17231.9,2316877.325,955678.62,5364.91,99052.6,4746.65,24457,932020.5702,294918.924,706.55,60.0006,922358.1724,847350.0328,13982.8,7247.01,76301.3,3.29119,26722.6,17240.4,68120.3,3620874.282,20117.4,528695,46072.9,38.3372,58071.6,18.8496,45.1198,110278,247.88,,7774920,129.899,8535.33,65472.9,69790.8,6293.5,8377.39
2010,22.7407,,13493.3,18602.4,2592.37,460215.961,25607.4,86741.6,3328.72,12.858,42.4249,122574,8391.49,18400.5,2665.55,9632.35,6845.63,14663.9,103080,12010.7,3312.28,222.181,3078.6,16437.5,224.011,30.3529,22775.9,443289,107.243,4450.36,1734.98,4360.95,83996.9,104529,145439.98,4992.3,,18020.1,1642260,15946.7,18153.3,7015.87,66646,278.231,148.516,2269.13,19350.1247,8392.08,,28.1596,620.073,12033.4,57229.7,621.61,39.8197,7763,6726.43,47575.5,2325771.774,2338177.38,2568023.153,927300.76,1436300.498,15476.8,50957.6,317055.19,2837,36823.6,2321.56,63216.7,524765.64,532064.8974,8895.55,700.595,83756.9,37.941,29.7743,3817.58,61177.1,4862.59,20664.5,6.47457,28091.9,1018.9,1392.82,2901.46,8416.51,35.9581,28.1205,6742.52,70.0865,2082.36,1597209.76,3085.69,5729.65,665835.7283,5035.01,4497.27,7282.64,4904519.767,6310848.021,1406328.254,482122.984,218937,924205.2695,,621480,,13895.8,115302,23873.7,383.189,3348.67,37547.9,1290.64,2073.31,40262.2,67542.2,27477.2,3968.38,35210.7,15.9874,29.4668,31985,0,12441.8,894181.889,14717,1127.22,1554.59,18132.3,42.8591,948748.2295,858971.4193,510577.321,,11630.9,1974071.035,6215571.337,1261.45,3380766.239,5052.3,1235.76,3227.46,147.623,,11776.9,,3415.09,19676.2,51.2825,462334.487,115869,7.70513,5704994.016,1368.33,17687.8,235.227,79055.4,300234.21,0,6134.42,12.1211,9772.32,5962.34,305.257,4538.53,33598.7,629268.3529,4997.54,210.516,6723.25,88021.5,6364.58,20288.2,17148,23512,3.14826,28132.9,1564956.489,16527.1,76667.6632,155232,3311.55,18942.6,56048.8,1.33401,2100.85,65475.1,699169.539,2358.8,18611.2,12599,15927.2,2622.27597,1385475.148,97.1142,40317.7,26116,533546,2883.92,930214.4625,60310.1,94638.7,9732.99,2339.02,1420.74,3286.31,2972.67,,15888.1,6589,837868.2413,,837891.9137,98640.06387,45.2873,695.478,3984.68,2901.13,10817.5,1350.02,,23.6724,12532.2,6.00539,18003.8,2307150.864,997810.87,5237.91,104411,4942.78,26545.9,937545.7007,300234.21,717.718,60.2443,930214.4625,837891.9137,14498.6,7497.24,77306.8,3.29957,27445,20745.9,68387.6,3730922.98,19165.3,524709,46861.7,39.0831,57057.7,19.0969,46.2222,111337,249.176,,7815790,130.272,8764.63,65311.2,73858.9,6422.92,8420.5
2011,22.968107,,13628.233,18788.424,2618.2937,465511.697,25863.474,87609.016,3377.204507,12.98658,42.849149,124100.3418,8137.708272,19177.90777,2692.2055,9414.724963,6914.0863,14810.539,104110.8,11881.80074,3345.4028,224.40281,3109.386,16528.60066,226.25111,30.656429,23003.659,469456.4973,108.31543,4494.8636,1752.3298,4404.5595,84836.869,105687.6622,144277.2938,4902.809877,,18200.301,1697274.47,16106.167,18334.833,7086.0287,67312.46,281.01331,150.00116,2291.8213,19543.62595,8476.0008,,28.441196,631.4062116,11838.24326,57212.63424,627.8261,40.217897,7633.268462,6793.6943,48051.255,2387621.361,2360297.859,2631497.939,928540.6884,1431212.486,15631.568,51467.176,313613.1661,2865.37,37064.10279,2232.612613,63848.867,518455.6135,537385.5464,8548.189613,707.60095,82447.18675,38.32041,30.072043,3855.7558,59856.64561,4940.892046,20871.145,6.5393157,28372.819,1029.089,1406.7482,2930.4746,8343.290061,36.317681,28.401705,6809.9452,70.787365,2103.1836,1586716.014,3116.5469,5786.9465,672494.0856,4819.365102,4542.2427,7248.695521,5005228.924,6425678.558,1420449.635,486697.6928,221126.37,933751.9417,,628938.0636,,14282.12266,118300.2521,24112.437,371.1057605,3382.1567,36328.09438,1303.5464,2094.0431,39673.65633,69446.28823,27751.972,4129.718849,35562.807,16.147274,29.761468,32304.85,,12566.218,924129.5818,14864.17,1138.4922,1570.1359,18313.623,43.287691,979241.5857,867561.1335,515683.0942,,11747.209,1994281.072,6330649.522,1274.0645,3469813.175,4942.793157,1224.605793,3220.435865,149.09923,,11894.669,,3435.50013,19872.962,51.795325,469446.3691,116298.9567,7.7821813,5814966.428,1382.0133,17864.678,187.3080377,79845.954,305081.7842,,6195.7642,12.242311,9870.0432,6021.9634,308.30957,4583.9153,33934.687,620667.1411,5047.5154,212.62116,6790.4825,88901.715,6428.2258,19593.1422,16914.35758,23747.12,3.1797426,28307.4775,1553189.064,16692.371,77261.12296,156784.32,3344.6655,19132.026,56609.288,1.3473501,2121.8585,65195.43074,706161.2344,2382.388,18797.312,12881.13364,16086.472,2648.49873,1371808.549,98.085342,40720.877,25976.24195,539682.7905,2912.7592,940759.8707,61606.77737,95585.087,9830.3199,2362.4102,1434.9474,3319.1731,3002.3967,,16046.981,,844516.2359,,844540.145,99453.24764,45.740173,702.43278,4066.244032,2855.430779,10392.75608,1363.5202,,23.909124,12657.522,6.0654439,18183.838,2368814.242,998555.4843,5290.2891,105455.11,5175.172305,24277.22975,967927.0317,305081.7842,724.89518,60.846743,940759.8707,844540.145,14643.586,7572.2124,78079.868,3.3325657,27719.45,20953.359,68224.24326,3820685.356,19356.953,514948.8225,47097.53673,39.473931,57628.277,19.287869,46.684422,112450.37,251.66776,,7927060.645,131.57472,8852.2763,64233.62421,74597.489,6487.1492,8504.705
2012,23.195514,,13763.166,18974.448,2644.2174,470807.423,26119.548,88476.432,3425.678014,13.11516,43.273398,125588.1936,8006.813544,19955.36354,2718.861,9243.348927,6982.5426,14957.178,105141.6,11793.66449,3378.5256,226.62462,3140.172,16619.66131,228.49122,30.959958,23231.418,477076.7946,109.38786,4539.3672,1769.6796,4448.169,85676.838,106846.7743,143435.7885,4900.250754,,18380.502,1752290.14,16265.634,18516.366,7156.1874,67978.92,283.79562,151.48632,2314.5126,19737.12719,8559.9216,,28.722792,642.4094232,11901.93351,55720.81848,634.0422,40.616094,7602.607924,6860.9586,48527.01,2449472.149,2382393.259,2694982.465,936280.8119,1432389.806,15786.336,51976.752,308804.6824,2893.74,37208.10558,2234.878225,64481.034,512009.3873,542706.1953,8551.563226,714.6069,81178.5035,38.69982,30.369786,3893.9316,58980.03122,5019.192092,21077.79,6.6040614,28653.738,1039.278,1420.6764,2959.4892,8254.870121,36.677262,28.68291,6877.3704,71.48823,2124.0072,1570618.639,3147.4038,5844.243,679152.4429,4708.392205,4587.2154,7134.917042,5094127.29,6528698.323,1434571.033,491272.3986,223315.74,943298.634,,636395.8272,,14330.02533,121298.1143,24351.174,358.768321,3415.6434,35238.17876,1316.4528,2114.7762,38956.54266,71350.48646,28026.744,4291.067697,35914.914,16.307148,30.056136,32624.7,,12690.636,935505.7447,15011.34,1149.7644,1585.6818,18494.946,43.716282,991163.412,876150.8477,520788.8674,,11863.518,2014490.865,6433656.823,1286.679,3546575.673,4805.602314,1169.316186,3181.14673,150.57546,,12012.438,,3455.917259,20069.724,52.30815,476559.405,116704.5833,7.8592326,5912867.956,1395.6966,18041.556,140.9427754,80636.508,309928.9685,,6257.1084,12.363522,9967.7664,6081.5868,311.36214,4629.3006,34270.674,606687.0793,5097.4908,214.72632,6857.715,89781.93,6491.8716,19025.82239,16408.94215,23982.24,3.2112252,28657.655,1535715.479,16857.642,77946.76523,158336.64,3377.781,19321.452,57169.776,1.3606902,2142.867,65071.20147,713152.9298,2405.976,18983.424,12976.01829,16245.744,2674.721489,1352776.954,99.056484,41124.054,25707.73391,545818.581,2941.5984,951304.979,62903.44473,96531.474,9927.6498,2385.8004,1449.1548,3352.0362,3032.1234,,16205.862,,851164.1705,,851188.3164,100358.6139,46.193046,709.38756,4074.574065,2821.744557,10304.22315,1377.0204,,24.145848,12782.844,6.1254978,18363.876,2430478.821,1006060.406,5342.6682,106499.22,5407.57461,22008.5695,979736.8326,309928.9685,732.07236,61.449186,951304.979,851188.3164,14788.572,7647.1848,78852.936,3.3655614,27993.9,21160.818,68060.93652,3898377.091,19548.606,499809.345,47333.36345,39.864762,58198.854,19.478838,47.146644,113563.74,254.15952,,8014066.562,132.87744,8939.9226,63155.98842,75336.078,6551.3784,8588.91
